A/a,,CODE,ITS EQUIPMENT,DIRECTION ,LOCATION,RELATIVE LOCATION,,Geographical area,
1,POLE,W-AID-15.05,AID CAMERA,WEST,15+ 938,RIGHT SIDE OF THE ROAD,,ΓΕ4,
2,POLE,W-AID-15.04,AID CAMERA,WEST,15+ 744.6,RIGHT SIDE OF THE ROAD,,ΓΕ4,
3,POLE,W-AID-15.03,AID CAMERA,WEST,15+ 522,RIGHT SIDE OF THE ROAD,,ΓΕ4,
4,ON PTZ POLE,W-AID-15.02,AID CAMERA,WEST,15+ 300,RIGHT SIDE OF THE ROAD,,ΓΕ4,
5,POLE,W-AID-15.01,AID CAMERA,WEST,15+ 100,RIGHT SIDE OF THE ROAD,,ΓΕ4,
6,ON PTZ POLE ,W-AID-14.07,AID CAMERA,WEST,14+ 832,RIGHT SIDE OF THE ROAD,,ΓΕ4,
7,ON PTZ POLE ,W-AID-14.08,AID CAMERA,WEST,14+ 832,RIGHT SIDE OF THE ROAD,,ΓΕ4,
8,POLE,W-AID-14.06,AID CAMERA,WEST,14+ 650,RIGHT SIDE OF THE ROAD,,ΓΕ4,
9,POLE,W-AID-14.05,AID CAMERA,WEST,14+ 465.55,RIGHT SIDE OF THE ROAD,,ΓΕ4,
10,ON PTZ POLE ,W-AID-14.03,AID CAMERA,WEST,14+ 292,RIGHT SIDE OF THE ROAD,,ΓΕ4,
11,ON PTZ POLE ,W-AID-14.04,AID CAMERA,WEST,14+ 292,RIGHT SIDE OF THE ROAD,,ΓΕ4,
12,POLE,W-AID-14.01,AID CAMERA,WEST,14+ 035,RIGHT SIDE OF THE ROAD,,ΓΕ4,
13,POLE ,W-AID-14.02,AID CAMERA,WEST,14+ 035,RIGHT SIDE OF THE ROAD,,ΓΕ4,
14,ON PTZ POLE ,W-AID-13.07,AID CAMERA,WEST,13+ 864,RIGHT SIDE OF THE ROAD,,ΓΕ4,
15,ON PTZ POLE ,W-AID-13.08,AID CAMERA,WEST,13+ 864,RIGHT SIDE OF THE ROAD,,ΓΕ4,
16,ON BRIDGE,W-AID-13.05,AID CAMERA,WEST,13+ 686.6,ON BRIDGE,,ΓΕ4,
17,ON BRIDGE,W-AID-13.06,AID CAMERA,WEST,13+ 686.6,ON BRIDGE,,ΓΕ4,
18,ON PTZ POLE ,W-AID-13.03,AID CAMERA,WEST,13+ 500,RIGHT SIDE OF THE ROAD,,ΓΕ4,
19,ON PTZ POLE ,W-AID-13.04,AID CAMERA,WEST,13+ 500,RIGHT SIDE OF THE ROAD,,ΓΕ4,
20,POLE ,W-AID-13.02,AID CAMERA,WEST,13+ 292,RIGHT SIDE OF THE ROAD,,ΓΕ4,
21,POLE ,W-AID-13.01,AID CAMERA,WEST,13+ 150,RIGHT SIDE OF THE ROAD,,ΓΕ4,
22,ON PTZ POLE ,W-AID-12.05,AID CAMERA,WEST,12+ 994.5,RIGHT SIDE OF THE ROAD,,ΓΕ4,
23,ON PTZ POLE ,W-AID-12.06,AID CAMERA,WEST,12+ 994.5,RIGHT SIDE OF THE ROAD,,ΓΕ4,
24,POLE ,W-AID-12.04,AID CAMERA,WEST,12+ 865,RIGHT SIDE OF THE ROAD,,ΓΕ3,
25,POLE ,WF-AID-12.04,AID CAMERA,WEST,12+ 865,RIGHT SIDE OF THE ROAD,,ΓΕ3,
26,POLE ,W-AID-12.03,AID CAMERA,WEST,12+ 544,RIGHT SIDE OF THE ROAD,,ΓΕ3,
27,POLE ,WF-AID-12.03,AID CAMERA,WEST,12+ 544,RIGHT SIDE OF THE ROAD,,ΓΕ3,
28,ON PTZ POLE ,W-AID-12.02,AID CAMERA,WEST,12+ 496,RIGHT SIDE OF THE ROAD,,ΓΕ3,
29,ON PTZ POLE ,WF-AID-12.02,AID CAMERA,WEST,12+ 496,RIGHT SIDE OF THE ROAD,,ΓΕ3,
30,POLE ,W-AID-12.01,AID CAMERA,WEST,12+ 329,RIGHT SIDE OF THE ROAD,,ΓΕ3,
31,POLE ,WF-AID-12.01,AID CAMERA,WEST,12+ 329,RIGHT SIDE OF THE ROAD,,ΓΕ3,
32,BRIDGE,T21-W-AID-12.03,AID CAMERA,WEST,12+ 168,ABOVE MIDDLE LANE,,ΓΕ3,
33,BRIDGE,T21-WF-AID-12.03,AID CAMERA,WEST,12+ 168/8+092,ABOVE LEFT LANE,,ΓΕ3,
34,BRIDGE,T21-W-AID-12.02,AID CAMERA,WEST,12+ 096,ABOVE MIDDLE LANE,,ΓΕ3,
35,BRIDGE,T21-WF-AID-12.02,AID CAMERA,WEST,12+096/8+020,ABOVE LEFT LANE,,ΓΕ3,
36,BRIDGE,T21-W-AID-12.01,AID CAMERA,WEST,12+ 345,ABOVE MIDDLE LANE,,ΓΕ3,
37,BRIDGE,T21-WF-AID-12.01,AID CAMERA,WEST,12+ 345/7+949,ABOVE LEFT LANE,,ΓΕ3,
38,POLE ,W-AID-11.02,AID CAMERA,WEST,11+ 860,RIGHT SIDE OF THE ROAD,,ΓΕ3,
39,FLYOVER,W-AID-11.01,AID CAMERA,WEST,11+ 636.5,ON THE FLYOVER,,ΓΕ3,
40,BRIDGE,T15-W-AID-11.08,AID CAMERA,WEST,11+510,ABOVE MIDDLE LANE,,ΓΕ3,
41,BRIDGE,T15-W-AID-11.09,AID CAMERA,WEST,11+510,ABOVE ENTRY LANE,,ΓΕ3,
42,HANGING FROM CEILING,T15-W-AID-11.06,AID CAMERA,WEST,11+445.5,ABOVE MIDDLE LANE,,ΓΕ3,
43,HANGING FROM CEILING,T15-W-AID-11.07,AID CAMERA,WEST,11+445.5,ABOVE ENTRY LANE,,ΓΕ3,
44,HANGING FROM CEILING,T15-W-AID-11.05,AID CAMERA,WEST,11+376,ABOVE MIDDLE LANE,,ΓΕ3,
45,HANGING FROM CEILING,T15-W-AID-11.04,AID CAMERA,WEST,11+292,ABOVE MIDDLE LANE,,ΓΕ3,
46,HANGING FROM CEILING,T15-W-AID-11.03,AID CAMERA,WEST,11+210,ABOVE MIDDLE LANE,,ΓΕ3,
47,HANGING FROM CEILING,T15-W-AID-11.02,AID CAMERA,WEST,11+129,ABOVE MIDDLE LANE,,ΓΕ3,
48,HANGING FROM CEILING,T15-W-AID-11.01,AID CAMERA,WEST,11+047,ABOVE MIDDLE LANE,,ΓΕ3,
49,HANGING FROM CEILING,T15-W-AID-10.04,AID CAMERA,WEST,10+972,ABOVE MIDDLE LANE,,ΓΕ3,
50,HANGING FROM CEILING,T15-W-AID-10.03,AID CAMERA,WEST,10+880,ABOVE MIDDLE LANE,,ΓΕ3,
51,HANGING FROM CEILING,T15-W-AID-10.02,AID CAMERA,WEST,10+788,ABOVE MIDDLE LANE,,ΓΕ3,
52,BRIDGE,T15-W-AID-10.01,AID CAMERA,WEST,10+703,ABOVE MIDDLE LANE,,ΓΕ3,
53,FLYOVER,W-AID-10.05,AID CAMERA,WEST,10+600,ON THE FLYOVER,,ΓΕ2,
54,POLE,W-AID-10.04,AID CAMERA,WEST,10+ 355,LEFT SIDE OF THE ROAD,,ΓΕ2,
55,POLE,WR-AID-10.02,AID CAMERA,WEST,10+ 355,LEFT SIDE OF THE ROAD (RAMP),,ΓΕ2,
56,POLE,WR-AID-10.03,AID CAMERA,WEST,10+ 355,LEFT SIDE OF THE ROAD (RAMP),,ΓΕ2,
57,POLE,W-AID-10.03,AID CAMERA,WEST,10+ 141,ON THE OVERPASS OF K9,,ΓΕ2,
58,BRIDGE,WR-AID-10.01,AID CAMERA,WEST,10+062.5/0+ 514,LEFT SIDE OF THE ROAD (RAMP),,ΓΕ2,
59,POLE,W-AID-10.02,AID CAMERA,WEST,10+062.5,RIGHT SIDE OF THE ROAD,,ΓΕ2,PROSTHIKI CAMERA
60,POLE,W-AID-10.01,AID CAMERA,WEST,10+ 000,LEFT SIDE OF THE ROAD,,ΓΕ2,
61,POLE,WR-AID-9.03,AID CAMERA,WEST,9+ 857,RIGHT SIDE OF THE ROAD (RAMP),,ΓΕ2,
62,POLE,WR-AID-9.04,AID CAMERA,WEST,9+ 857,RIGHT SIDE OF THE ROAD (RAMP),,ΓΕ2,
63,POLE ,W-AID-9.06,AID CAMERA,WEST,8+ 837,RIGHT SIDE OF THE ROAD,,ΓΕ2,
64,POLE,WR-AID-9.02,AID CAMERA,WEST,9+644/0+ 962,RIGHT SIDE OF THE ROAD (RAMP),,ΓΕ2,
65,POLE,W-AID-9.05,AID CAMERA,WEST,9+ 605,RIGHT SIDE OF THE ROAD,,ΓΕ2,
66,FLYOVER,WR-AID-9.01,AID CAMERA,WEST,9+ 427,ON THE FLYOVER,,ΓΕ2,
67,POLE,W-AID-9.04,AID CAMERA,WEST,9+366.5,RIGHT SIDE OF THE ROAD,,ΓΕ2,
68,FLYOVER,W-AID-9.02,AID CAMERA,WEST,9+ 175.5,ON THE FLYOVER,,ΓΕ2,
69,FLYOVER,W-AID-9.03,AID CAMERA,WEST,9+ 175.5,ON THE FLYOVER,,ΓΕ2,
70,FLYOVER,W-AID-9.01,AID CAMERA,WEST,9+ 043,ON THE FLYOVER,,ΓΕ2,
71,FLYOVER,W-AID-8.05,AID CAMERA,WEST,8+ 885,ON THE FLYOVER,,ΓΕ2,
72,FLYOVER,W-AID-8.04,AID CAMERA,WEST,8+ 723,ON THE FLYOVER,,ΓΕ2,
73,FLYOVER,W-AID-8.03,AID CAMERA,WEST,8+ 569.5,ON THE FLYOVER,,ΓΕ2,
74,FLYOVER,W-AID-8.02,AID CAMERA,WEST,8+ 397,ON THE FLYOVER,,ΓΕ2,
75,FLYOVER,W-AID-8.01,AID CAMERA,WEST,8+ 162,ON THE FLYOVER,,ΓΕ2,
76,FLYOVER,W-AID-7.04,AID CAMERA,WEST,7+ 944,ON THE FLYOVER,,ΓΕ2,
77,FLYOVER,W-AID-7.03,AID CAMERA,WEST,7+ 700,ON THE FLYOVER,,ΓΕ2,
78,FLYOVER,W-AID-7.02,AID CAMERA,WEST,7+ 460,ON THE FLYOVER,,ΓΕ2,
79,FLYOVER,W-AID-7.01,AID CAMERA,WEST,7+ 210,ON THE FLYOVER,,ΓΕ2,
80,FLYOVER,W-AID-6.05,AID CAMERA,WEST,6+ 950,ON THE FLYOVER,,ΓΕ2,
81,FLYOVER,W-AID-6.04,AID CAMERA,WEST,6+ 700,ON THE FLYOVER,,ΓΕ2,
82,FLYOVER,W-AID-6.03,AID CAMERA,WEST,6+ 522.5,ON THE FLYOVER,,ΓΕ2,
83,POLE ,W-AID-6.02,AID CAMERA,WEST,6+ 387,LEFT SIDE OF THE ROAD,LEFT,ΓΕ2,
84,FLYOVER,W-AID-6.01,AID CAMERA,WEST,6+ 156,ON THE FLYOVER,,ΓΕ2,
85,POLE ,W-AID-5.01,AID CAMERA,WEST,5+ 956,LEFT SIDE OF THE ROAD,LEFT,ΓΕ2,προσθήκη κάμερας
86,HANGING FROM CEILING,T8-W-AID-5.14,AID CAMERA,WEST,5+ 800,ABOVE MIDDLE LANE,,ΓΕ1,
87,HANGING FROM CEILING,T8-W-AID-5.15,AID CAMERA,WEST,5+ 800,ABOVE EXIT LANE,,ΓΕ1,
88,HANGING FROM CEILING,T8-W-AID-5.12,AID CAMERA,WEST,5+ 760,ABOVE MIDDLE LANE,,ΓΕ1,
89,BRIDGE,T8-W-AID-5.13,AID CAMERA,WEST,5+ 760,ABOVE EXIT LANE,,ΓΕ1,
90,BRIDGE,T8-W-AID-5.10,AID CAMERA,WEST,5+ 714,ABOVE MIDDLE LANE,,ΓΕ1,
91,BRIDGE,T8-W-AID-5.11,AID CAMERA,WEST,5+ 714,ABOVE EXIT LANE,,ΓΕ1,
92,BRIDGE,T8-W-AID-5.09,AID CAMERA,WEST,5+ 636,ABOVE MIDDLE LANE,,ΓΕ1,
93,BRIDGE,T8-W-AID-5.07,AID CAMERA,WEST,5+ 549.5,ABOVE MIDDLE LANE,,ΓΕ1,
94,BRIDGE,T8-W-AID-5.08,AID CAMERA,WEST,5+ 549.5,ABOVE ENTRY LANE,,ΓΕ1,
95,TUNNEL EXIT,T8-W-AID-5.06,AID CAMERA,WEST,5+ 525,ABOVE RIGHT LANE,,ΓΕ1,
96,POLE ,T8-W-AID-5.05,AID CAMERA,WEST,5+ 380,ABOVE MIDDLE LANE,,ΓΕ1,
97,HANGING FROM CEILING,T8-W-AID-5.04,AID CAMERA,WEST,5+ 300,ABOVE MIDDLE LANE,,ΓΕ1,
98,HANGING FROM CEILING,T8-W-AID-5.03,AID CAMERA,WEST,5+ 219,ABOVE MIDDLE LANE,,ΓΕ1,
99,BRIDGE,T8-W-AID-5.02,AID CAMERA,WEST,5+ 141,ABOVE MIDDLE LANE,,ΓΕ1,
100,HANGING FROM CEILING,T8-W-AID-5.01,AID CAMERA,WEST,5+ 059,ABOVE MIDDLE LANE,,ΓΕ1,
101,POLE,W-AID-4.07,AID CAMERA,WEST,4+ 847/4+834.5,RIGHT SIDE OF THE ROAD,,ΓΕ1,
102,POLE,W-AID-4.06,AID CAMERA,WEST,4+ 605,RIGHT SIDE OF THE ROAD,,ΓΕ1,
103,POLE,W-AID-4.01,AID CAMERA,WEST,4+ 143,RIGHT SIDE OF THE ROAD,,ΓΕ1,
104,POLE,W-AID-4.02,AID CAMERA,WEST,4+ 143,RIGHT SIDE OF THE ROAD,,ΓΕ1,
105,ON PTZ POLE ,W-AID-4.03,AID CAMERA,WEST,4+ 143,RIGHT SIDE OF THE ROAD,,ΓΕ1,
106,POLE,W-AID-3.01,AID CAMERA,WEST,3+ 833,RIGHT SIDE OF THE ROAD,,ΓΕ1,
107,ON PTZ POLE ,W-AID-4.04,AID CAMERA,WEST,4+ 366.88,RIGHT SIDE OF THE ROAD,,ΓΕ1,(OTHER DIRECTION - EASTBOUND)
108,ON PTZ POLE ,W-AID-4.05,AID CAMERA,WEST,4+ 366.88,RIGHT SIDE OF THE ROAD,,ΓΕ1,(OTHER DIRECTION - EASTBOUND)
109,POLE,E-AID-3.01,AID CAMERA,EAST,3+837,RIGHT SIDE OF THE ROAD,,ΓΕ1,
110,ON PTZ POLE,E-AID-4.01,AID CAMERA,EAST,4+003,RIGHT SIDE OF THE ROAD,,ΓΕ1,
111,POLE ,E-AID-4.02,AID CAMERA,EAST,4+ 143,LEFT SIDE OF THE ROAD,,ΓΕ1,
112,POLE ,E-AID-4.03,AID CAMERA,EAST,4+ 143,LEFT SIDE OF THE ROAD,,ΓΕ1,
113,ON PTZ POLE,E-AID-4.04,AID CAMERA,EAST,4+ 366.88,RIGHT SIDE OF THE ROAD,,ΓΕ1,
114,ON PTZ POLE,E-AID-4.05,AID CAMERA,EAST,4+ 366.88,RIGHT SIDE OF THE ROAD,,ΓΕ1,
115,POLE,E-AID-4.06,AID CAMERA,EAST,4+ 599,RIGHT SIDE OF THE ROAD,,ΓΕ1,
116,ON PTZ POLE,E-AID-4.07,AID CAMERA,EAST,4+ 847.41,RIGHT SIDE OF THE ROAD,,ΓΕ1,
117,POLE,E-AID-4.08,AID CAMERA,EAST,4+ 927,RIGHT SIDE OF THE ROAD,,ΓΕ1,
118,HANGING FROM CEILING,T8-E-AID-5.01,AID CAMERA,EAST,5+ 147,ABOVE MIDDLE LANE,,ΓΕ1,
119,HANGING FROM CEILING,T8-E-AID-5.02,AID CAMERA,EAST,5+ 218.5,ABOVE MIDDLE LANE,,ΓΕ1,
120,BRIDGE,T8-E-AID-5.03,AID CAMERA,EAST,5+ 299,ABOVE MIDDLE LANE,,ΓΕ1,
121,HANGING FROM CEILING,T8-E-AID-5.04,AID CAMERA,EAST,5+ 364,ABOVE MIDDLE LANE,,ΓΕ1,
122,BRIDGE,T8-E-AID-5.05,AID CAMERA,EAST,5+ 441,ABOVE MIDDLE LANE,,ΓΕ1,
123,BRIDGE,T8-E-AID-5.06,AID CAMERA,EAST,5+ 441,ABOVE EXIT LANE,,ΓΕ1,
124,HANGING FROM CEILING,T8-E-AID-5.07,AID CAMERA,EAST,5+ 521,ABOVE MIDDLE LANE,,ΓΕ1,
125,BRIDGE,T8-E-AID-5.08,AID CAMERA,EAST,5+ 603,ABOVE MIDDLE LANE,,ΓΕ1,
126,HANGING FROM CEILING,T8-E-AID-5.09,AID CAMERA,EAST,5+ 674,ABOVE MIDDLE LANE,,ΓΕ1,
127,TUNNEL EXIT,T8-E-AID-5.10,AID CAMERA,EAST,5+ 755.2,ABOVE MIDDLE LANE,,ΓΕ1,
128,POLE ,E-AID-5.01,AID CAMERA,EAST,5+ 956,RIGHT SIDE OF THE ROAD,,ΓΕ2,
129,POLE,E-AID-6.01,AID CAMERA,EAST,6+ 156,RIGHT SIDE OF THE ROAD,,ΓΕ2,
130,ON PTZ POLE,E-AID-6.02,AID CAMERA,EAST,6+ 291.81,RIGHT SIDE OF THE ROAD,,ΓΕ2,
131,ON PTZ POLE,E-AID-6.03,AID CAMERA,EAST,6+ 291.81,RIGHT SIDE OF THE ROAD,,ΓΕ2,
132,POLE ,E-AID-6.04,AID CAMERA,EAST,6+ 395,RIGHT SIDE OF THE ROAD,,ΓΕ2,
133,POLE ,E-AID-6.05,AID CAMERA,EAST,6+ 571,RIGHT SIDE OF THE ROAD,,ΓΕ2,
134,POLE ,E-AID-6.06,AID CAMERA,EAST,6+ 700,RIGHT SIDE OF THE ROAD,,ΓΕ2,
135,POLE ,E-AID-6.07,AID CAMERA,EAST,6+ 933,RIGHT SIDE OF THE ROAD,,ΓΕ2,
136,POLE ,E-AID-7.01,AID CAMERA,EAST,7+ 100,RIGHT SIDE OF THE ROAD,,ΓΕ2,
137,ON PTZ POLE,E-AID-7.02,AID CAMERA,EAST,7+ 265.3,RIGHT SIDE OF THE ROAD,,ΓΕ2,
138,POLE,E-AID-7.03,AID CAMERA,EAST,7+ 493.93,RIGHT SIDE OF THE ROAD,,ΓΕ2,
139,ON PTZ POLE,E-AID-7.04,AID CAMERA,EAST,7+ 628.71,RIGHT SIDE OF THE ROAD,,ΓΕ2,
140,ON PTZ POLE,E-AID-7.05,AID CAMERA,EAST,7+ 628.71,RIGHT SIDE OF THE ROAD,,ΓΕ2,
141,ON PTZ POLE,E-AID-7.06,AID CAMERA,EAST,7+ 849.35,RIGHT SIDE OF THE ROAD,,ΓΕ2,
142,POLE,E-AID-8.01,AID CAMERA,EAST,8+ 000.66,RIGHT SIDE OF THE ROAD,,ΓΕ2,
143,ON PTZ POLE,E-AID-8.02,AID CAMERA,EAST,8+ 150,RIGHT SIDE OF THE ROAD,,ΓΕ2,
144,ON PTZ POLE,E-AID-8.03,AID CAMERA,EAST,8+ 150,RIGHT SIDE OF THE ROAD,,ΓΕ2,
145,POLE,E-AID-8.04,AID CAMERA,EAST,8+ 425,RIGHT SIDE OF THE ROAD,,ΓΕ2,
146,ON PTZ POLE,E-AID-8.05,AID CAMERA,EAST,8+ 484.5,RIGHT SIDE OF THE ROAD,,ΓΕ2,
147,POLE,E-AID-8.06,AID CAMERA,EAST,8+ 723,LEFT  SIDE OF THE ROAD,,ΓΕ2,
148,ON PTZ POLE,E-AID-8.07,AID CAMERA,EAST,8+ 885,RIGHT SIDE OF THE ROAD,,ΓΕ2,
149,ON PTZ POLE,E-AID-8.08,AID CAMERA,EAST,8+ 885,RIGHT SIDE OF THE ROAD,,ΓΕ2,
150,POLE,E-AID-9.01,AID CAMERA,EAST,9+ 175.5,LEFT  SIDE OF THE ROAD,,ΓΕ2,
151,POLE,ER-AID-9.01,AID CAMERA,EAST,9+ 175.5,LEFT  SIDE OF THE ROAD,,ΓΕ2,
152,ON PTZ POLE,ER-AID-9.02,AID CAMERA,EAST,9+ 366.5/0+090,RIGHT SIDE OF THE ROAD (RAMP),,ΓΕ2,
153,POLE,E-AID-9.02,AID CAMERA,EAST,9+ 366.5,RIGHT SIDE OF THE ROAD,,ΓΕ2,
154,ON PTZ POLE,ER-AID-9.03,AID CAMERA,EAST,9+ 605/0+329,RIGHT SIDE OF THE ROAD (RAMP),,ΓΕ2,
155,ON PTZ POLE,E-AID-9.03,AID CAMERA,EAST,9+ 605,RIGHT SIDE OF THE ROAD,,ΓΕ2,
156,POLE,ER-AID-9.04,AID CAMERA,EAST,9+ 762/0+486,RIGHT SIDE OF THE ROAD (RAMP),,ΓΕ2,
157,POLE,E-AID-9.04,AID CAMERA,EAST,9+ 837,RIGHT SIDE OF THE ROAD,,ΓΕ2,
158,POLE,E-AID-10.01,AID CAMERA,EAST,10+ 005,RIGHT SIDE OF THE ROAD,,ΓΕ2,
159,BRIDGE,E-AID-10.02,AID CAMERA,EAST,10+ 172,ON THE OVERPASS OF K9,,ΓΕ2,
160,POLE,E-AID-10.03,AID CAMERA,EAST,10+ 344.5,RIGHT SIDE OF THE ROAD,,ΓΕ2,
161,POLE,E-AID-10.04,AID CAMERA,EAST,10+ 500,RIGHT SIDE OF THE ROAD,,ΓΕ2,
162,POLE,E-AID-10.05,AID CAMERA,EAST,10+ 700,RIGHT SIDE OF THE ROAD,,ΓΕ2,
163,POLE,E-AID-10.06,AID CAMERA,EAST,10+ 879,RIGHT SIDE OF THE ROAD,,ΓΕ3,
164,ON PTZ POLE,E-AID-11.01,AID CAMERA,EAST,11+ 053,RIGHT SIDE OF THE ROAD,,ΓΕ3,
165,POLE,E-AID-11.02,AID CAMERA,EAST,11+ 175.17,RIGHT SIDE OF THE ROAD,,ΓΕ3,
166,ON PTZ POLE,E-AID-11.03,AID CAMERA,EAST,11+ 409.11,RIGHT SIDE OF THE ROAD,,ΓΕ3,
167,POLE,E-AID-11.04,AID CAMERA,EAST,11+ 550,RIGHT SIDE OF THE ROAD,,ΓΕ3,
168,FLYOVER,E-AID-11.05,AID CAMERA,EAST,11+ 636.5,ON THE FLYOVER,,ΓΕ3,
169,POLE,E-AID-11.06,AID CAMERA,EAST,11+ 845,RIGHT SIDE OF THE ROAD,,ΓΕ3,
170,BRIDGE,T21-E-AID-12.01,AID CAMERA,EAST,12+ 029,ABOVE MIDDLE LANE,,ΓΕ3,
171,BRIDGE,T21-EF-AID-12.01,AID CAMERA,EAST,12+ 029/7+949,ABOVE LEFT LANE,,ΓΕ3,
172,BRIDGE,T21-E-AID-12.02,AID CAMERA,EAST,12+ 096,ABOVE MIDDLE LANE,,ΓΕ3,
173,BRIDGE,T21-EF-AID-12.02,AID CAMERA,EAST,12+096/8+020,ABOVE LEFT LANE,,ΓΕ3,
174,BRIDGE,T21-E-AID-12.03,AID CAMERA,EAST,12+ 168,ABOVE MIDDLE LANE,,ΓΕ3,
175,BRIDGE,T21-EF-AID-12.03,AID CAMERA,EAST,12+ 168/8+092,ABOVE LEFT LANE,,ΓΕ3,
176,POLE,E-AID-12.01,AID CAMERA,EAST,12+ 254,RIGHT SIDE OF THE ROAD,,ΓΕ3,
177,POLE,EF-AID-12.01,AID CAMERA,EAST,12+ 254,RIGHT SIDE OF THE ROAD,,ΓΕ3,
178,POLE,E-AID-12.02,AID CAMERA,EAST,12+ 345,RIGHT SIDE OF THE ROAD,,ΓΕ3,
179,POLE,EF-AID-12.02,AID CAMERA,EAST,12+ 345,RIGHT SIDE OF THE ROAD,,ΓΕ3,
180,POLE,E-AID-12.03,AID CAMERA,EAST,12+ 458,RIGHT SIDE OF THE ROAD,,ΓΕ3,
181,POLE,EF-AID-12.03,AID CAMERA,EAST,12+ 458,RIGHT SIDE OF THE ROAD,,ΓΕ3,
182,POLE,E-AID-12.04,AID CAMERA,EAST,12+ 544,RIGHT SIDE OF THE ROAD,,ΓΕ3,
183,POLE,EF-AID-12.04,AID CAMERA,EAST,12+ 544,RIGHT SIDE OF THE ROAD,,ΓΕ3,
184,POLE,E-AID-12.05,AID CAMERA,EAST,12+ 865,LEFT SIDE OF THE ROAD,LEFT,ΓΕ3,
185,POLE,E-AID-12.06,AID CAMERA,EAST,12+ 950,RIGHT SIDE OF THE ROAD,,ΓΕ4,
186,POLE,E-AID-12.07,AID CAMERA,EAST,12+ 994.5,LEFT SIDE OF THE ROAD,LEFT,ΓΕ4,
187,POLE,E-AID-13.01,AID CAMERA,EAST,13 +156,LEFT SIDE OF THE ROAD,LEFT,ΓΕ4,
188,POLE,E-AID-13.02,AID CAMERA,EAST,13+ 294.5,LEFT SIDE OF THE ROAD,LEFT,ΓΕ4,
189,POLE,E-AID-13.03,AID CAMERA,EAST,13+ 525,RIGHT SIDE OF THE ROAD,,ΓΕ4,
190,POLE,E-AID-13.04,AID CAMERA,EAST,13+ 525,RIGHT SIDE OF THE ROAD,,ΓΕ4,
191,ON BRIDGE,E-AID-13.05,AID CAMERA,EAST,13+ 710,ON BRIDGE,ON BRIDGE,ΓΕ4,
192,ON BRIDGE,E-AID-13.06,AID CAMERA,EAST,13+ 710,ON BRIDGE,ON BRIDGE,ΓΕ4,
193,POLE,E-AID-13.07,AID CAMERA,EAST,13+ 900,RIGHT SIDE OF THE ROAD,,ΓΕ4,
194,POLE,E-AID-13.08,AID CAMERA,EAST,13+ 900,RIGHT SIDE OF THE ROAD,,ΓΕ4,
195,POLE,E-AID-14.01,AID CAMERA,EAST,14+ 114.5,RIGHT SIDE OF THE ROAD,,ΓΕ4,
196,POLE,E-AID-14.02,AID CAMERA,EAST,14+ 324,RIGHT SIDE OF THE ROAD,,ΓΕ4,
197,POLE,E-AID-14.03,AID CAMERA,EAST,14+ 554.5,RIGHT SIDE OF THE ROAD,,ΓΕ4,
198,POLE,E-AID-14.04,AID CAMERA,EAST,14+ 554.5,RIGHT SIDE OF THE ROAD,,ΓΕ4,
199,POLE,E-AID-14.05,AID CAMERA,EAST,14+ 734.45,RIGHT SIDE OF THE ROAD,,ΓΕ4,
200,POLE,E-AID-14.06,AID CAMERA,EAST,14+ 934.45,RIGHT SIDE OF THE ROAD,,ΓΕ4,
201,POLE,E-AID-15.01,AID CAMERA,EAST,15+ 100,RIGHT SIDE OF THE ROAD,,ΓΕ4,
202,POLE,E-AID-15.02,AID CAMERA,EAST,15+ 300,LEFT SIDE OF THE ROAD,LEFT,ΓΕ4,
203,POLE,E-AID-15.03,AID CAMERA,EAST,15+ 394.45,RIGHT SIDE OF THE ROAD,,ΓΕ4,
204,POLE,E-AID-15.04,AID CAMERA,EAST,15+ 526,LEFT SIDE OF THE ROAD,LEFT,ΓΕ4,
205,ON PTZ POLE,E-AID-15.05,AID CAMERA,EAST,15+ 727,RIGHT SIDE OF THE ROAD,,ΓΕ4,
206,POLE,EF-AID-0.01,AID CAMERA,EAST,0+ 799,RIGHT SIDE OF THE ROAD,FLY,ΓΕ1,
207,POLE,WF-AID-0.01,AID CAMERA,WEST,0+ 799,RIGHT SIDE OF THE ROAD,FLY,ΓΕ1,
208,POLE,EF-AID-1.01,AID CAMERA,EAST,1+072,RIGHT SIDE OF THE ROAD,FLY,ΓΕ1,
209,POLE,WF-AID-1.01,AID CAMERA,WEST,1+072,RIGHT SIDE OF THE ROAD,FLY,ΓΕ1,
210,POLE,EF-AID-1.02,AID CAMERA,EAST,1+333,RIGHT SIDE OF THE ROAD,FLY,ΓΕ1,
211,POLE,WF-AID-1.02,AID CAMERA,WEST,1+333,RIGHT SIDE OF THE ROAD,FLY,ΓΕ1,
212,POLE,EF-AID-1.03,AID CAMERA,EAST,1+563,RIGHT SIDE OF THE ROAD,FLY,ΓΕ1,
213,POLE,WF-AID-1.03,AID CAMERA,WEST,1+563,RIGHT SIDE OF THE ROAD,FLY,ΓΕ1,
214,POLE,EF-AID-1.04,AID CAMERA,EAST,1+855,RIGHT SIDE OF THE ROAD,FLY,ΓΕ1,
215,POLE,WF-AID-1.04,AID CAMERA,WEST,1+855,RIGHT SIDE OF THE ROAD,FLY,ΓΕ1,
216,POLE,EF-AID-2.01,AID CAMERA,EAST,2+105.5,RIGHT SIDE OF THE ROAD,FLY,ΓΕ2,
217,POLE,WF-AID-2.01,AID CAMERA,WEST,2+105.5,RIGHT SIDE OF THE ROAD,FLY,ΓΕ2,
218,POLE,EF-AID-2.02,AID CAMERA,EAST,2+355.5,RIGHT SIDE OF THE ROAD,FLY,ΓΕ2,
219,POLE,WF-AID-2.02,AID CAMERA,WEST,2+355.5,RIGHT SIDE OF THE ROAD,FLY,ΓΕ2,
220,POLE,EF-AID-2.03,AID CAMERA,EAST,2+605.5,RIGHT SIDE OF THE ROAD,FLY,ΓΕ2,
221,POLE,WF-AID-2.03,AID CAMERA,WEST,2+605.5,RIGHT SIDE OF THE ROAD,FLY,ΓΕ2,
222,POLE,EF-AID-2.04,AID CAMERA,EAST,2+855.5,RIGHT SIDE OF THE ROAD,FLY,ΓΕ2,
223,POLE,WF-AID-2.04,AID CAMERA,WEST,2+855.5,RIGHT SIDE OF THE ROAD,FLY,ΓΕ2,
224,POLE,EF-AID-3.01,AID CAMERA,EAST,3+105,RIGHT SIDE OF THE ROAD,FLY,ΓΕ2,
225,POLE,WF-AID-3.01,AID CAMERA,WEST,3+105,RIGHT SIDE OF THE ROAD,FLY,ΓΕ2,
226,POLE,EF-AID-3.02,AID CAMERA,EAST,3+314,RIGHT SIDE OF THE ROAD,FLY,ΓΕ2,
227,POLE,WF-AID-3.02,AID CAMERA,WEST,3+314,RIGHT SIDE OF THE ROAD,FLY,ΓΕ2,
228,POLE,EF-AID-3.03,AID CAMERA,EAST,3+611.5,RIGHT SIDE OF THE ROAD,FLY,ΓΕ2,
229,POLE,WF-AID-3.03,AID CAMERA,WEST,3+611.5,RIGHT SIDE OF THE ROAD,FLY,ΓΕ2,
230,POLE,EF-AID-3.04,AID CAMERA,EAST,3+951.5,RIGHT SIDE OF THE ROAD,FLY,ΓΕ2,
231,POLE,WF-AID-3.04,AID CAMERA,WEST,3+951.5,RIGHT SIDE OF THE ROAD,FLY,ΓΕ2,
232,POLE,EF-AID-4.01,AID CAMERA,EAST,4+201.5,RIGHT SIDE OF THE ROAD,FLY,ΓΕ2,
233,POLE,WF-AID-4.01,AID CAMERA,WEST,4+201.5,RIGHT SIDE OF THE ROAD,FLY,ΓΕ2,
234,POLE,EF-AID-4.02,AID CAMERA,EAST,4+451,RIGHT SIDE OF THE ROAD,FLY,ΓΕ2,
235,POLE,WF-AID-4.02,AID CAMERA,WEST,4+451,RIGHT SIDE OF THE ROAD,FLY,ΓΕ2,
236,POLE,EF-AID-4.03,AID CAMERA,EAST,4+701.5,RIGHT SIDE OF THE ROAD,FLY,ΓΕ2,
237,POLE,WF-AID-4.03,AID CAMERA,WEST,4+701.5,RIGHT SIDE OF THE ROAD,FLY,ΓΕ2,
238,POLE,EF-AID-4.04,AID CAMERA,EAST,4+957.5,RIGHT SIDE OF THE ROAD,FLY,ΓΕ2,
239,POLE,WF-AID-4.04,AID CAMERA,WEST,4+957.5,RIGHT SIDE OF THE ROAD,FLY,ΓΕ2,
240,POLE,EF-AID-5.01,AID CAMERA,EAST,5+213.5,RIGHT SIDE OF THE ROAD,FLY,ΓΕ2,
241,POLE,WF-AID-5.01,AID CAMERA,WEST,5+213.5,RIGHT SIDE OF THE ROAD,FLY,ΓΕ2,
242,POLE,EF-AID-5.02,AID CAMERA,EAST,5+454.5,RIGHT SIDE OF THE ROAD,FLY,ΓΕ2,
243,POLE,WF-AID-5.02,AID CAMERA,WEST,5+454.5,RIGHT SIDE OF THE ROAD,FLY,ΓΕ2,
244,POLE,EF-AID-5.03,AID CAMERA,EAST,5+791.5,RIGHT SIDE OF THE ROAD,FLY,ΓΕ2,
245,POLE,WF-AID-5.03,AID CAMERA,WEST,5+791.5,RIGHT SIDE OF THE ROAD,FLY,ΓΕ2,
246,POLE,EF-AID-6.01,AID CAMERA,EAST,6+038,RIGHT SIDE OF THE ROAD,FLY,ΓΕ2,
247,POLE,WF-AID-6.01,AID CAMERA,WEST,6+038,RIGHT SIDE OF THE ROAD,FLY,ΓΕ2,
248,POLE,EF-AID-6.02,AID CAMERA,EAST,6+250,RIGHT SIDE OF THE ROAD,FLY,ΓΕ2,
249,POLE,WF-AID-6.02,AID CAMERA,WEST,6+250,RIGHT SIDE OF THE ROAD,FLY,ΓΕ2,
250,POLE,EF-AID-6.03,AID CAMERA,EAST,6+467.5,RIGHT SIDE OF THE ROAD,FLY,ΓΕ2,
251,POLE,WF-AID-6.03,AID CAMERA,WEST,6+467.5,RIGHT SIDE OF THE ROAD,FLY,ΓΕ2,
252,POLE,EF-AID-6.04,AID CAMERA,EAST,6+682,RIGHT SIDE OF THE ROAD,FLY,ΓΕ3,
253,POLE,WF-AID-6.04,AID CAMERA,WEST,6+682,RIGHT SIDE OF THE ROAD,FLY,ΓΕ3,
254,POLE,EF-AID-7.01,AID CAMERA,EAST,7+009.5,RIGHT SIDE OF THE ROAD,FLY,ΓΕ3,
255,POLE,WF-AID-7.01,AID CAMERA,WEST,7+009.5,RIGHT SIDE OF THE ROAD,FLY,ΓΕ3,
256,POLE,EF-AID-7.02,AID CAMERA,EAST,7+302,RIGHT SIDE OF THE ROAD,FLY,ΓΕ3,
257,POLE,WF-AID-7.02,AID CAMERA,WEST,7+302,RIGHT SIDE OF THE ROAD,FLY,ΓΕ3,
258,POLE,EF-AID-7.03,AID CAMERA,EAST,7+436,RIGHT SIDE OF THE ROAD,FLY,ΓΕ3,
259,POLE,WF-AID-7.03,AID CAMERA,WEST,7+436,RIGHT SIDE OF THE ROAD,FLY,ΓΕ3,
260,POLE,EF-AID-7.04,AID CAMERA,EAST,7+778,RIGHT SIDE OF THE ROAD,FLY,ΓΕ3,
261,POLE,WF-AID-7.04,AID CAMERA,WEST,7+778,RIGHT SIDE OF THE ROAD,FLY,ΓΕ3,
262,POLE,ΔW-AID-0.01,AID CAMERA,WEST,0+152,RIGHT SIDE OF THE ROAD,ΔΕΣΠΕΡ,,
263,POLE,ΔW-AID-0.02,AID CAMERA,WEST,0+365,RIGHT SIDE OF THE ROAD,ΔΕΣΠΕΡ,,
264,POLE,ΔW-AID-0.03,AID CAMERA,WEST,0+629,LEFT SIDE OF THE ROAD,ΔΕΣΠΕΡ,,
265,POLE,ΔW-AID-0.04,AID CAMERA,WEST,0+878,LEFT SIDE OF THE ROAD,ΔΕΣΠΕΡ,,
266,POLE,ΔW-AID-1.01,AID CAMERA,WEST,1+128,LEFT SIDE OF THE ROAD,ΔΕΣΠΕΡ,,
267,POLE,ΔW-AID-1.02,AID CAMERA,WEST,1+390,LEFT SIDE OF THE ROAD,ΔΕΣΠΕΡ,,
268,POLE,ΔW-AID-1.03,AID CAMERA,WEST,1+649.5,LEFT SIDE OF THE ROAD,ΔΕΣΠΕΡ,,
269,POLE,ΔW-AID-1.04,AID CAMERA,WEST,1+880,ABOVE MIDDLE LANE,ΔΕΣΠΕΡ,,
270,POLE,ΔW-AID-2.01,AID CAMERA,WEST,2+089,RIGHT SIDE OF THE ROAD,ΔΕΣΠΕΡ,,
271,POLE,ΔW-AID-2.02,AID CAMERA,WEST,2+281,RIGHT SIDE OF THE ROAD,ΔΕΣΠΕΡ,,
272,POLE,ΔW-AID-2.03,AID CAMERA,WEST,2+609,RIGHT SIDE OF THE ROAD,ΔΕΣΠΕΡ,,
273,HANGING FROM CEILING,ΔW-AID-2.04,AID CAMERA,WEST,2+916,RIGHT SIDE OF THE ROAD,ΔΕΣΠΕΡ,,
274,HANGING FROM CEILING,ΔW-AID-2.05,AID CAMERA,WEST,2+979,RIGHT SIDE OF THE ROAD,ΔΕΣΠΕΡ,,
275,POLE,ΔW-AID-3.01,AID CAMERA,WEST,3+200,RIGHT SIDE OF THE ROAD,ΔΕΣΠΕΡ,,
276,POLE,ΔW-AID-3.02,AID CAMERA,WEST,3+340,RIGHT SIDE OF THE ROAD,ΔΕΣΠΕΡ,,
277,POLE,ΔW-AID-3.03,AID CAMERA,WEST,3+752,RIGHT SIDE OF THE ROAD,ΔΕΣΠΕΡ,,
278,POLE,ΔW-AID-4.01,AID CAMERA,WEST,4+003,RIGHT SIDE OF THE ROAD,ΔΕΣΠΕΡ,,
279,HANGING FROM CEILING,ΔW-AID-4.02,AID CAMERA,WEST,4+363,RIGHT SIDE OF THE ROAD,ΔΕΣΠΕΡ,,
280,HANGING FROM CEILING,ΔW-AID-4.03,AID CAMERA,WEST,4+425,RIGHT SIDE OF THE ROAD,ΔΕΣΠΕΡ,,
281,HANGING FROM CEILING,ΔW-AID-4.04,AID CAMERA,WEST,4+507,RIGHT SIDE OF THE ROAD,ΔΕΣΠΕΡ,,
282,HANGING FROM CEILING,ΔW-AID-4.05,AID CAMERA,WEST,4+587,RIGHT SIDE OF THE ROAD,ΔΕΣΠΕΡ,,
283,POLE,ΔW-AID-4.06,AID CAMERA,WEST,4+841,RIGHT SIDE OF THE ROAD,ΔΕΣΠΕΡ,,
284,POLE,ΔW-AID-5.01,AID CAMERA,WEST,5+053,RIGHT SIDE OF THE ROAD,ΔΕΣΠΕΡ,,
285,POLE,ΔW-AID-5.02,AID CAMERA,WEST,5+324,RIGHT SIDE OF THE ROAD,ΔΕΣΠΕΡ,,
286,LIGHTING POLE,ΔW-AID-5.03,AID CAMERA,WEST,5+545,RIGHT SIDE OF THE ROAD,ΔΕΣΠΕΡ,,
287,LIGHTING POLE,ΔW-AID-5.04,AID CAMERA,WEST,5+803,RIGHT SIDE OF THE ROAD,ΔΕΣΠΕΡ,,
288,POLE,ΔW-AID-6.01,AID CAMERA,WEST,6+054,RIGHT SIDE OF THE ROAD,ΔΕΣΠΕΡ,,
289,POLE,ΔW-AID-6.02,AID CAMERA,WEST,6+166,RIGHT SIDE OF THE ROAD,ΔΕΣΠΕΡ,,
290,HANGING FROM CEILING,ΔW-AID-6.03,AID CAMERA,WEST,6+431,RIGHT SIDE OF THE ROAD,ΔΕΣΠΕΡ,,
291,HANGING FROM CEILING,ΔW-AID-6.04,AID CAMERA,WEST,6+495,RIGHT SIDE OF THE ROAD,ΔΕΣΠΕΡ,,
292,HANGING FROM  BRIDGE,ΔW-AID-6.05,AID CAMERA,WEST,6+535.7,RIGHT SIDE OF THE ROAD,ΔΕΣΠΕΡ,,
293,POLE,ΔW-AID-6.06,AID CAMERA,WEST,6+856,RIGHT SIDE OF THE ROAD,ΔΕΣΠΕΡ,,
294,POLE,ΔW-AID-7.01,AID CAMERA,WEST,7+015,RIGHT SIDE OF THE ROAD,ΔΕΣΠΕΡ,,
295,POLE,ΔW-AID-7.02,AID CAMERA,WEST,7+228,RIGHT SIDE OF THE ROAD,ΔΕΣΠΕΡ,,
296,POLE,ΔW-AID-7.03,AID CAMERA,WEST,7+408,RIGHT SIDE OF THE ROAD,ΔΕΣΠΕΡ,,
297,POLE,ΔW-AID-7.04,AID CAMERA,WEST,7+548,RIGHT SIDE OF THE ROAD,ΔΕΣΠΕΡ,,
298,POLE,ΔW-AID-7.05,AID CAMERA,WEST,7+691,RIGHT SIDE OF THE ROAD,ΔΕΣΠΕΡ,,
299,POLE,ΔW-AID-7.06,AID CAMERA,WEST,7+691,RIGHT SIDE OF THE ROAD,ΔΕΣΠΕΡ,,
300,POLE,ΔE-AID-0.01,AID CAMERA,EAST,0+158,RIGHT SIDE OF THE ROAD,ΔΕΣΠΕΡ,,
301,POLE,ΔE-AID-0.02,AID CAMERA,EAST,0+369,RIGHT SIDE OF THE ROAD,ΔΕΣΠΕΡ,,
302,POLE,ΔE-AID-0.03,AID CAMERA,EAST,0+629,LEFT SIDE OF THE ROAD,ΔΕΣΠΕΡ,,
303,POLE,ΔE-AID-0.04,AID CAMERA,EAST,0+878,LEFT SIDE OF THE ROAD,ΔΕΣΠΕΡ,,
304,POLE,ΔE-AID-1.01,AID CAMERA,EAST,1+128,LEFT SIDE OF THE ROAD,ΔΕΣΠΕΡ,,
305,POLE,ΔE-AID-1.02,AID CAMERA,EAST,1+390,LEFT SIDE OF THE ROAD,ΔΕΣΠΕΡ,,
306,POLE,ΔE-AID-1.03,AID CAMERA,EAST,1+649.5,LEFT SIDE OF THE ROAD,ΔΕΣΠΕΡ,,
307,POLE,ΔE-AID-1.04,AID CAMERA,EAST,1+877,ABOVE MIDDLE LANE,ΔΕΣΠΕΡ,,
308,POLE,ΔE-AID-2.01,AID CAMERA,EAST,2+141,LEFT SIDE OF THE ROAD,ΔΕΣΠΕΡ,,
309,POLE,ΔE-AID-2.02,AID CAMERA,EAST,2+370,RIGHT SIDE OF THE ROAD,ΔΕΣΠΕΡ,,
310,POLE,ΔE-AID-2.03,AID CAMERA,EAST,2+613,RIGHT SIDE OF THE ROAD,ΔΕΣΠΕΡ,,
311,HANGING FROM CEILING,ΔE-AID-2.04,AID CAMERA,EAST,2+916,RIGHT SIDE OF THE ROAD,ΔΕΣΠΕΡ,,
312,HANGING FROM CEILING,ΔE-AID-2.05,AID CAMERA,EAST,2+979,RIGHT SIDE OF THE ROAD,ΔΕΣΠΕΡ,,
313,POLE,ΔE-AID-3.01,AID CAMERA,EAST,3+342,RIGHT SIDE OF THE ROAD,ΔΕΣΠΕΡ,,
314,POLE,ΔE-AID-3.02,AID CAMERA,EAST,3+593,RIGHT SIDE OF THE ROAD,ΔΕΣΠΕΡ,,
315,POLE,ΔE-AID-3.03,AID CAMERA,EAST,3+843,RIGHT SIDE OF THE ROAD,ΔΕΣΠΕΡ,,
316,POLE,ΔE-AID-4.01,AID CAMERA,EAST,4+008,RIGHT SIDE OF THE ROAD,ΔΕΣΠΕΡ,,
317,HANGING FROM CEILING,ΔE-AID-4.02,AID CAMERA,EAST,4+363,RIGHT SIDE OF THE ROAD,ΔΕΣΠΕΡ,,
318,HANGING FROM CEILING,ΔE-AID-4.03,AID CAMERA,EAST,4+425,RIGHT SIDE OF THE ROAD,ΔΕΣΠΕΡ,,
319,HANGING FROM CEILING,ΔE-AID-4.04,AID CAMERA,EAST,4+507,RIGHT SIDE OF THE ROAD,ΔΕΣΠΕΡ,,
320,HANGING FROM CEILING,ΔE-AID-4.05,AID CAMERA,EAST,4+587,RIGHT SIDE OF THE ROAD,ΔΕΣΠΕΡ,,
321,POLE,ΔE-AID-4.06,AID CAMERA,EAST,4+923,RIGHT SIDE OF THE ROAD,ΔΕΣΠΕΡ,,
322,POLE,ΔE-AID-5.01,AID CAMERA,EAST,5+169,RIGHT SIDE OF THE ROAD,ΔΕΣΠΕΡ,,
323,POLE,ΔE-AID-5.02,AID CAMERA,EAST,5+331,RIGHT SIDE OF THE ROAD,ΔΕΣΠΕΡ,,
324,LIGHTING POLE,ΔE-AID-5.03,AID CAMERA,EAST,5+592,RIGHT SIDE OF THE ROAD,ΔΕΣΠΕΡ,,
325,LIGHTING POLE,ΔE-AID-5.04,AID CAMERA,EAST,5+803,RIGHT SIDE OF THE ROAD,ΔΕΣΠΕΡ,,
326,POLE,ΔE-AID-6.01,AID CAMERA,EAST,6+054,RIGHT SIDE OF THE ROAD,ΔΕΣΠΕΡ,,
327,POLE,ΔE-AID-6.02,AID CAMERA,EAST,6+321,RIGHT SIDE OF THE ROAD,ΔΕΣΠΕΡ,,
328,POLE,ΔE-AID-6.03,AID CAMERA,EAST,6+431,RIGHT SIDE OF THE ROAD,ΔΕΣΠΕΡ,,
329,POLE,ΔE-AID-6.04,AID CAMERA,EAST,6+495,RIGHT SIDE OF THE ROAD,ΔΕΣΠΕΡ,,
330,POLE,ΔE-AID-6.05,AID CAMERA,EAST,6+743,RIGHT SIDE OF THE ROAD,ΔΕΣΠΕΡ,,
331,POLE,ΔE-AID-7.01,AID CAMERA,EAST,7+101,RIGHT SIDE OF THE ROAD,ΔΕΣΠΕΡ,,
332,POLE,ΔE-AID-7.02,AID CAMERA,EAST,7+342,RIGHT SIDE OF THE ROAD,ΔΕΣΠΕΡ,,
333,POLE,ΔE-AID-7.03,AID CAMERA,EAST,7+610,RIGHT SIDE OF THE ROAD,ΔΕΣΠΕΡ,,