A/a,,CODE,ITS EQUIPMENT,DIRECTION ,LOCATION,RELATIVE LOCATION,GROUPING,,,INSIDE TECHNICAL,Geographical area,Lat,Long,X position,Y position
1,GANTRY,W-VSLS-15.02.1,VSLS,WEST,15+ 300,LEFT LANE,1,,,,ΓΕ4,40.587823,22.985802,414024.4023,4493211.186
2,GANTRY,W-VSLS-15.02.2,VSLS,WEST,15+ 300,MIDDLE LANE,,,,,ΓΕ4,40.5878,22.98583,414026.777,4493208.614
3,GANTRY,W-VSLS-15.02.3,VSLS,WEST,15+ 300,RIGHT LANE,,,,,ΓΕ4,40.587777,22.985859,414029.1518,4493206.042
4,GANTRY,W-VSLS-14.01.1,VSLS,WEST,14+ 832,LEFT LANE,2,,,,ΓΕ4,40.590714,22.989809,414367.2027,4493528.195
5,GANTRY,W-VSLS-14.01.2,VSLS,WEST,14+ 832,MIDDLE LANE,,,,,ΓΕ4,40.590691,22.989838,414369.5893,4493525.635
6,GANTRY,W-VSLS-14.01.3,VSLS,WEST,14+ 832,RIGHT LANE,,,,,ΓΕ4,40.590668,22.989866,414371.9759,4493523.075
7,GANTRY,W-VSLS-13.04.1,VSLS,WEST,13+ 900,LEFT LANE,3,,,,ΓΕ4,40.597351,22.996447,414937.3362,4494258.473
8,GANTRY,W-VSLS-13.04.2,VSLS,WEST,13+ 900,MIDDLE-LEFT LANE,,,,,ΓΕ4,40.597338,22.996486,414940.5432,4494257.071
9,GANTRY,W-VSLS-13.04.3,VSLS,WEST,13+ 900,MIDDLE-RIGHT LANE,,,,,ΓΕ4,40.597326,22.996524,414943.7502,4494255.67
10,GANTRY,W-VSLS-13.04.4,VSLS,WEST,13+ 900,RIGHT LANE,,,,,ΓΕ4,40.597314,22.996562,414946.9571,4494254.268
11,GANTRY,W-VSLS-13.02.1,VSLS,WEST,13+ 500,LEFT LANE,4,,,,ΓΕ4,40.600775,22.99793,415067.1463,4494637.165
12,GANTRY,W-VSLS-13.02.2,VSLS,WEST,13+ 500,MIDDLE-LEFT LANE,,,,,ΓΕ4,40.600765,22.99797,415070.4687,4494636.065
13,GANTRY,W-VSLS-13.02.3,VSLS,WEST,13+ 500,MIDDLE-RIGHT LANE,,,,,ΓΕ4,40.600756,22.998009,415073.7911,4494634.964
14,GANTRY,W-VSLS-13.02.4,VSLS,WEST,13+ 500,RIGHT LANE,,,,,ΓΕ4,40.600746,22.998049,415077.1135,4494633.863
15,GANTRY,W-VSLS-12.03.1,VSLS,WEST,12+ 865,LEFT LANE,5,,,,ΓΕ3,40.60637,22.999449,415202.651,4495256.796
16,GANTRY,W-VSLS-12.03.1,VSLS,WEST,12+ 865,RIGHT LANE,,,,,ΓΕ3,40.606365,22.999489,415206.103,4495256.224
17,GANTRY,WF-VSLS-12.03.1,VSLS,WEST,12+ 865/8+794,LEFT LANE,,FLY-L0,,,ΓΕ3,40.606382,22.999348,415194.1827,4495258.226
18,GANTRY,WF-VSLS-12.03.1,VSLS,WEST,12+ 865/8+794,RIGHT LANE,,FLY-L0,,,ΓΕ3,40.606377,22.999389,415197.6328,4495257.643
19,GANTRY,W-VSLS-12.02.1,VSLS,WEST,12+ 544,LEFT LANE,6,,,,ΓΕ3,40.609199,23.000109,415262.1009,4495570.144
20,GANTRY,W-VSLS-12.02.2,VSLS,WEST,12+ 544,MIDDLE LANE,,,,,ΓΕ3,40.609194,23.00015,415265.559,4495569.604
21,GANTRY,W-VSLS-12.02.3,VSLS,WEST,12+ 544,RIGHT LANE,,,,,ΓΕ3,40.60919,23.000191,415269.0171,4495569.065
22,GANTRY,WF-VSLS-12.02.1,VSLS,WEST,12+ 544/8+528,LEFT LANE,,FLY-L0,,,ΓΕ3,40.609211,23.000004,415253.2093,4495571.617
23,GANTRY,WF-VSLS-12.02.2,VSLS,WEST,12+ 544/8+528,RIGHT LANE,,FLY-L0,,,ΓΕ3,40.609207,23.000045,415256.6665,4495571.078
24,BRIDGE,T21-W-VSLS-12.03.1,VSLS,WEST,12+ 168,LEFT LANE,7,,T21,T,ΓΕ3,40.61257,22.998744,415150.909,4495945.692
25,BRIDGE,T21-W-VSLS-12.03.2,VSLS,WEST,12+ 168,MIDDLE LANE,,,,T,ΓΕ3,40.612592,22.998774,415153.4604,4495948.087
26,BRIDGE,T21-W-VSLS-12.03.3,VSLS,WEST,12+ 168,RIGHT LANE,,,,T,ΓΕ3,40.612614,22.998804,415156.0117,4495950.483
27,BRIDGE,T21-WF-VSLS-12.03.1,VSLS,WEST,12+ 168/8+092,LEFT LANE,,FLY-L0,,T,ΓΕ3,40.612497,22.998643,415142.2572,4495937.653
28,BRIDGE,T21-WF-VSLS-12.03.2,VSLS,WEST,12+ 168/8+092,RIGHT LANE,,FLY-L0,,T,ΓΕ3,40.612518,22.998674,415144.8634,4495939.987
29,BRIDGE,T21-W-VSLS-12.01.1,VSLS,WEST,12+ 029,LEFT LANE,8,,,T,ΓΕ3,40.613363,22.997349,415033.8962,4496035.02
30,BRIDGE,T21-W-VSLS-12.01.2,VSLS,WEST,12+ 029,MIDDLE LANE,,,,T,ΓΕ3,40.61339,22.997369,415035.5901,4496038.083
31,BRIDGE,T21-W-VSLS-12.01.3,VSLS,WEST,12+ 029,RIGHT LANE,,,,T,ΓΕ3,40.613418,22.997389,415037.284,4496041.145
32,BRIDGE,T21-WF-VSLS-12.01.1,VSLS,WEST,12+ 029/7+949,LEFT LANE,,FLY-L0,,T,ΓΕ3,40.613268,22.997282,415028.0982,4496024.629
33,BRIDGE,T21-WF-VSLS-12.01.2,VSLS,WEST,12+ 029/7+949,RIGHT LANE,,FLY-L0,,T,ΓΕ3,40.613296,22.997303,415029.8555,4496027.655
34,GANTRY,W-VSLS-11.01.1,VSLS,WEST,11+860,LEFT LANE,9,,,,ΓΕ3,40.613853,22.995303,414861.3846,4496091.428
35,GANTRY,W-VSLS-11.01.2,VSLS,WEST,11+860,MIDDLE LANE,,,,,ΓΕ3,40.613884,22.995309,414861.9517,4496094.882
36,GANTRY,W-VSLS-11.01.3,VSLS,WEST,11+860,RIGHT LANE,,,,,ΓΕ3,40.613915,22.995315,414862.5188,4496098.335
37,TUNNEL ENTRANCE,T15-W-VSLS-11.06.1,VSLS,WEST,11+530,LEFT LANE,10,T15,,T,ΓΕ3,40.61401,22.991411,414532.3472,4496112.639
38,TUNNEL ENTRANCE,T15-W-VSLS-11.06.2,VSLS,WEST,11+530,MIDDLE LANE,,,,T,ΓΕ3,40.614042,22.991411,414532.4474,4496116.138
39,TUNNEL ENTRANCE,T15-W-VSLS-11.06.3,VSLS,WEST,11+530,RIGHT LANE,,,,T,ΓΕ3,40.614073,22.991412,414532.5475,4496119.637
40,TUNNEL ENTRANCE,T15-W-VSLS-11.06.4,VSLS,WEST,11+530,ENTRY LANE,,,,T,ΓΕ3,40.614129,22.991413,414532.7247,4496125.826
41,BRIDGE,T15-W-VSLS-11.04.1,VSLS,WEST,11+263,LEFT LANE,11,,,T,ΓΕ3,40.614325,22.988344,414273.3056,4496150.593
42,BRIDGE,T15-W-VSLS-11.04.2,VSLS,WEST,11+263,MIDDLE LANE,,,,T,ΓΕ3,40.614355,22.988357,414274.4837,4496153.889
43,BRIDGE,T15-W-VSLS-11.04.3,VSLS,WEST,11+263,RIGHT LANE,,,,T,ΓΕ3,40.614385,22.988371,414275.6618,4496157.185
44,BRIDGE,T15-W-VSLS-11.02.1,VSLS,WEST,11+100,LEFT LANE,12,,,T,ΓΕ3,40.614973,22.986648,414130.7091,4496224.106
45,BRIDGE,T15-W-VSLS-11.02.2,VSLS,WEST,11+100,MIDDLE LANE,,,,T,ΓΕ3,40.614999,22.986671,414132.6647,4496227.009
46,BRIDGE,T15-W-VSLS-11.02.3,VSLS,WEST,11+100,RIGHT LANE,,,,T,ΓΕ3,40.615025,22.986694,414134.6204,4496229.912
47,BRIDGE,T15-W-VSLS-10.03.1,VSLS,WEST,10+941,LEFT LANE,13,,,T,ΓΕ3,40.615881,22.985245,414013.1488,4496326.261
48,BRIDGE,T15-W-VSLS-10.03.2,VSLS,WEST,10+941,MIDDLE LANE,,,,T,ΓΕ3,40.615902,22.985275,414015.7239,4496328.631
49,BRIDGE,T15-W-VSLS-10.03.3,VSLS,WEST,10+941,RIGHT LANE,,,,T,ΓΕ3,40.615924,22.985305,414018.299,4496331.002
50,BRIDGE,T15-W-VSLS-10.01.1,VSLS,WEST,10+703,LEFT LANE,14,,,T,ΓΕ3,40.617635,22.983724,413886.7673,4496522.484
51,BRIDGE,T15-W-VSLS-10.01.2,VSLS,WEST,10+703,MIDDLE LANE,,,,T,ΓΕ3,40.617648,22.983762,413889.9814,4496523.87
52,BRIDGE,T15-W-VSLS-10.01.3,VSLS,WEST,10+703,RIGHT LANE,,,,T,ΓΕ3,40.61766,22.9838,413893.1954,4496525.255
53,GANTRY,W-VSLS-10.02.1,LCS,WEST,10+470,LEFT LANE,15,,,,ΓΕ2,40.619644,22.982981,413826.4608,4496746.198
54,GANTRY,W-VSLS-10.02.2,LCS,WEST,10+470,MIDDLE LANE,,,,,ΓΕ2,40.61965,22.983021,413829.9009,4496746.843
55,GANTRY,W-VSLS-10.02.3,LCS,WEST,10+470,RIGHT LANE,,,,,ΓΕ2,40.619656,22.983062,413833.341,4496747.487
56,GANTRY,WR-VSLS-10.01.1,LCS,WEST,10+470/0+102,LEFT LANE,,RAMP,,,ΓΕ2,40.619668,22.983145,413840.3803,4496748.794
57,GANTRY,WR-VSLS-10.01.2,LCS,WEST,10+470/0+102,RIGHT LANE,,,,,ΓΕ2,40.619675,22.983186,413843.8224,4496749.423
58,GANTRY,W-VSLS-9.04.1,VSLS,WEST,9+ 837,LEFT LANE,16,,,,ΓΕ2,40.624956,22.980423,413616.9557,4497338.457
59,GANTRY,W-VSLS-9.04.2,VSLS,WEST,9+ 837,MIDDLE LANE,,,,,ΓΕ2,40.624974,22.980457,413619.8585,4497340.412
60,GANTRY,W-VSLS-9.04.3,VSLS,WEST,9+ 837,RIGHT LANE,,,,,ΓΕ2,40.624992,22.980491,413622.7613,4497342.367
61,GANTRY,W-VSLS-9.03.1,VSLS,WEST,9+605,LEFT LANE,17,,,,ΓΕ2,40.626644,22.978793,413481.2631,4497527.362
62,GANTRY,W-VSLS-9.03.1,VSLS,WEST,9+605,MIDDLE LANE,,,,,ΓΕ2,40.626662,22.978824,413483.9265,4497529.332
63,GANTRY,W-VSLS-9.03.1,VSLS,WEST,9+605,RIGHT LANE,,,,,ΓΕ2,40.626679,22.978854,413486.4153,4497531.202
64,GANTRY,W-VSLS-9.02.1,VSLS,WEST,9+ 366.5,LEFT LANE,18,,,,ΓΕ2,40.628351,22.977089,413339.3211,4497718.493
65,GANTRY,W-VSLS-9.02.2,VSLS,WEST,9+ 366.5,MIDDLE LANE,,,,,ΓΕ2,40.62837,22.977122,413342.1351,4497720.574
66,GANTRY,W-VSLS-9.02.3,VSLS,WEST,9+ 366.5,RIGHT LANE,,,,,ΓΕ2,40.628389,22.977155,413344.9492,4497722.655
67,GANTRY,W-VSLS-9.01.1,VSLS,WEST,9+ 175.5,LEFT LANE,19,,,,ΓΕ2,40.629727,22.975729,413226.0528,4497872.567
68,GANTRY,W-VSLS-9.01.2,VSLS,WEST,9+ 175.5,MIDDLE-LEFT LANE,,,,,ΓΕ2,40.629745,22.975762,413228.8764,4497874.635
69,GANTRY,W-VSLS-9.01.3,VSLS,WEST,9+ 175.5,MIDDLE LANE,,,,,ΓΕ2,40.629764,22.975795,413231.7,4497876.703
70,GANTRY,W-VSLS-9.01.4,VSLS,WEST,9+ 175.5,MIDDLE-RIGHT LANE,,,,,ΓΕ2,40.629783,22.975828,413234.5236,4497878.771
71,GANTRY,W-VSLS-9.01.5,VSLS,WEST,9+ 175.5,RIGHT LANE,,,,,ΓΕ2,40.629802,22.975861,413237.3472,4497880.839
72,GANTRY,W-VSLS-8.03.1,VSLS,WEST,8+ 885,LEFT LANE,20,,,,ΓΕ2,40.631984,22.973988,413081.7699,4498124.835
73,GANTRY,W-VSLS-8.03.2,VSLS,WEST,8+ 885,MIDDLE-LEFT LANE,,,,,ΓΕ2,40.631997,22.974026,413084.9642,4498126.265
74,GANTRY,W-VSLS-8.03.3,VSLS,WEST,8+ 885,MIDDLE-RIGHT LANE,,,,,ΓΕ2,40.63201,22.974063,413088.1584,4498127.696
75,GANTRY,W-VSLS-8.03.4,VSLS,WEST,8+ 885,RIGHT LANE,,,,,ΓΕ2,40.632023,22.974101,413091.3527,4498129.127
76,GANTRY,W-VSLS-8.02.1,VSLS,WEST,8+ 723,LEFT LANE,21,,,,ΓΕ2,40.633318,22.973261,413022.0046,4498273.663
77,GANTRY,W-VSLS-8.02.2,VSLS,WEST,8+ 723,MIDDLE LANE,,,,,ΓΕ2,40.633329,22.973299,413025.278,4498274.902
78,GANTRY,W-VSLS-8.02.3,VSLS,WEST,8+ 723,RIGHT LANE,,,,,ΓΕ2,40.633341,22.973338,413028.5514,4498276.141
79,GANTRY,W-VSLS-8.01.1,VSLS,WEST,8+ 000,LEFT LANE,22,,,,ΓΕ2,40.639405,22.970252,412775.4632,4498952.301
80,GANTRY,W-VSLS-8.01.2,VSLS,WEST,8+ 000,MIDDLE LANE,,,,,ΓΕ2,40.639412,22.970292,412778.863,4498953.133
81,GANTRY,W-VSLS-8.01.3,VSLS,WEST,8+ 000,RIGHT LANE,,,,,ΓΕ2,40.63942,22.970332,412782.2628,4498953.964
82,GANTRY,W-VSLS-7.01.1,VSLS,WEST,7+ 460,LEFT LANE,23,,,,ΓΕ2,40.642702,22.969618,412726.1463,4499318.951
83,GANTRY,W-VSLS-7.01.2,VSLS,WEST,7+ 460,MIDDLE LANE,,,,,ΓΕ2,40.642705,22.969659,412729.6314,4499319.269
84,GANTRY,W-VSLS-7.01.3,VSLS,WEST,7+ 460,RIGHT LANE,,,,,ΓΕ2,40.642708,22.9697,412733.1166,4499319.587
85,GANTRY,W-VSLS-7.02.1,VSLS,WEST,7+ 628.7,LEFT LANE,24,,,,ΓΕ2,40.644209,22.969279,412699.444,4499486.622
86,GANTRY,W-VSLS-7.02.2,VSLS,WEST,7+ 628.7,MIDDLE LANE,,,,,ΓΕ2,40.644217,22.969319,412702.8584,4499487.392
87,GANTRY,W-VSLS-7.02.3,VSLS,WEST,7+ 628.7,RIGHT LANE,,,,,ΓΕ2,40.644224,22.96936,412706.2728,4499488.161
88,GANTRY,W-VSLS-5.01.1,VSLS,WEST,5+ 956,LEFT LANE,25,,,,ΓΕ2,40.657324,22.967381,412556.0197,4500944.322
89,GANTRY,W-VSLS-5.01.2,VSLS,WEST,5+ 956,MIDDLE LANE,,,,,ΓΕ2,40.657315,22.967421,412559.3685,4500943.304
90,GANTRY,W-VSLS-5.01.3,VSLS,WEST,5+ 956,RIGHT LANE,,,,,ΓΕ2,40.657306,22.96746,412562.7172,4500942.286
91,TUNNEL ENTRANCE,T8-W-VSLS-5.06.1,VSLS,WEST,5+ 800,LEFT LANE,26,T8,,T,ΓΕ1,40.658676,22.967888,412600.6586,4501093.92
92,TUNNEL ENTRANCE,T8-W-VSLS-5.06.2,VSLS,WEST,5+ 800,MIDDLE LANE,,,,T,ΓΕ1,40.658668,22.967928,412604.0129,4501092.921
93,TUNNEL ENTRANCE,T8-W-VSLS-5.06.3,VSLS,WEST,5+ 800,RIGHT LANE,,,,T,ΓΕ1,40.658659,22.967968,412607.3671,4501091.921
94,TUNNEL ENTRANCE,T8-W-VSLS-5.06.4,VSLS,WEST,5+ 800,EXIT LANE,,,,T,ΓΕ1,40.65865,22.968007,412610.7214,4501090.922
95,BRIDGE,T8-W-VSLS-5.05.1,VSLS,WEST,5+ 714,LEFT LANE,27,,,T,ΓΕ1,40.659424,22.968162,412624.8034,4501176.677
96,BRIDGE,T8-W-VSLS-5.05.2,VSLS,WEST,5+ 714,MIDDLE LANE,,,,T,ΓΕ1,40.659417,22.968202,412628.1871,4501175.782
97,BRIDGE,T8-W-VSLS-5.05.3,VSLS,WEST,5+ 714,RIGHT LANE,,,,T,ΓΕ1,40.659409,22.968242,412631.5708,4501174.887
98,BRIDGE,T8-W-VSLS-5.05.4,VSLS,WEST,5+ 714,EXIT LANE,,,,T,ΓΕ1,40.659401,22.968282,412634.9545,4501173.993
99,BRIDGE,T8-W-VSLS-5.03.1,VSLS,WEST,"5+ 549,5",LEFT LANE,28,,,T,ΓΕ1,40.660885,22.968336,412641.422,4501338.709
100,BRIDGE,T8-W-VSLS-5.03.2,VSLS,WEST,"5+ 549,5",MIDDLE LANE,,,,T,ΓΕ1,40.660889,22.968377,412644.9046,4501339.057
101,BRIDGE,T8-W-VSLS-5.03.3,VSLS,WEST,"5+ 549,5",RIGHT LANE,,,,T,ΓΕ1,40.660892,22.968418,412648.3872,4501339.406
102,BRIDGE,T8-W-VSLS-5.03.4,VSLS,WEST,"5+ 549,5",ENTRY LANE,,,,T,ΓΕ1,40.660896,22.96846,412651.8699,4501339.754
103,TUNNEL ENTRANCE,T8-W-VSLS-5.02.1,VSLS,WEST,"5+ 305,68",LEFT LANE,29,,,T,ΓΕ1,40.662964,22.967334,412559.4532,4501570.466
104,TUNNEL ENTRANCE,T8-W-VSLS-5.02.2,VSLS,WEST,"5+ 305,68",MIDDLE LANE,,,,T,ΓΕ1,40.662982,22.967368,412562.3351,4501572.452
105,TUNNEL ENTRANCE,T8-W-VSLS-5.02.3,VSLS,WEST,"5+ 305,68",RIGHT LANE,,,,T,ΓΕ1,40.663001,22.967402,412565.217,4501574.438
106,GANTRY,E-VSLS-3.01.1,VSLS,EAST,3+ 837,LEFT LANE,30,,,,ΓΕ1,40.67454,22.96024,411974.9642,4502862.502
107,GANTRY,E-VSLS-3.01.2,VSLS,EAST,3+ 837,MIDDLE-LEFT LANE,,,,,ΓΕ1,40.674533,22.9602,411971.5396,4502861.779
108,GANTRY,E-VSLS-3.01.3,VSLS,EAST,3+ 837,MIDDLE-RIGHT LANE,,,,,ΓΕ1,40.674526,22.960159,411968.1151,4502861.056
109,GANTRY,E-VSLS-3.01.4,VSLS,EAST,3+ 837,RIGHT LANE,,,,,ΓΕ1,40.674519,22.960119,411964.6906,4502860.333
110,CANTILEVER,E-VSLS-4.02.1,VSLS,EAST,4+ 599,LEFT LANE,31,,,,ΓΕ1,40.667829,22.962206,412132.2946,4502115.534
111,CANTILEVER,E-VSLS-4.02.2,VSLS,EAST,4+ 599,MIDDLE LANE,,,,,ΓΕ1,40.66782,22.962166,412128.9272,4502114.58
112,CANTILEVER,E-VSLS-4.02.3,VSLS,EAST,4+ 599,RIGHT LANE,,,,,ΓΕ1,40.667811,22.962126,412125.5599,4502113.625
113,TUNNEL ENTRANCE,T8-E-VSLS-5.01.1,VSLS,EAST,5+ 142,LEFT LANE,32,T8,T8,T,ΓΕ1,40.663965,22.965906,412440.0068,4501682.927
114,TUNNEL ENTRANCE,T8-E-VSLS-5.01.2,VSLS,EAST,5+ 142,MIDDLE LANE,,,,T,ΓΕ1,40.663941,22.965879,412437.674,4501680.318
115,TUNNEL ENTRANCE,T8-E-VSLS-5.01.3,VSLS,EAST,5+ 142,RIGHT LANE,,,,T,ΓΕ1,40.663917,22.965851,412435.3411,4501677.709
116,BRIDGE,T8-E-VSLS-5.03.1,VSLS,EAST,5+ 441,LEFT LANE,33,,,T,ΓΕ1,40.661855,22.967953,412610.2662,4501446.665
117,BRIDGE,T8-E-VSLS-5.03.2,VSLS,EAST,5+ 441,MIDDLE LANE,,,,T,ΓΕ1,40.661844,22.967914,412606.972,4501445.483
118,BRIDGE,T8-E-VSLS-5.03.3,VSLS,EAST,5+ 441,RIGHT LANE,,,,T,ΓΕ1,40.661844,22.967914,412606.972,4501445.483
119,BRIDGE,T8-E-VSLS-5.05.1,VSLS,EAST,5+ 714,LEFT LANE,34,,,T,ΓΕ1,40.659447,22.968063,412616.4815,4501179.328
120,BRIDGE,T8-E-VSLS-5.05.2,VSLS,EAST,5+ 714,MIDDLE LANE,,,,T,ΓΕ1,40.659455,22.968023,412613.0912,4501180.197
121,BRIDGE,T8-E-VSLS-5.05.3,VSLS,EAST,5+ 714,RIGHT LANE,,,,T,ΓΕ1,40.659462,22.967983,412609.701,4501181.067
122,GANTRY,E-VSLS-5.01.1,VSLS,EAST,5+ 956,LEFT LANE,35,,,,ΓΕ2,40.657351,22.967277,412547.2746,4500947.465
123,GANTRY,E-VSLS-5.01.2,VSLS,EAST,5+ 956,MIDDLE LANE,,,,,ΓΕ2,40.65736,22.967237,412543.9271,4500948.487
124,GANTRY,E-VSLS-5.01.3,VSLS,EAST,5+ 956,RIGHT LANE,,,,,ΓΕ2,40.657369,22.967197,412540.5796,4500949.509
125,GANTRY,E-VSLS-6.02.1,VSLS,EAST,6+ 395,LEFT LANE,36,,,,ΓΕ2,40.653477,22.966244,412454.8921,4500518.41
126,GANTRY,E-VSLS-6.02.2,VSLS,EAST,6+ 395,MIDDLE LANE,,,,,ΓΕ2,40.653477,22.966203,412451.3927,4500518.476
127,GANTRY,E-VSLS-6.02.3,VSLS,EAST,6+ 395,RIGHT LANE,,,,,ΓΕ2,40.653478,22.966161,412447.8934,4500518.542
128,GANTRY,ER-VSLS-6.01,VSLS,EAST,6+ 395,ENTRY RAMP,,,,,ΓΕ2,40.653478,22.966085,412441.4682,4500518.668
129,GANTRY,E-VSLS-7.01.1,VSLS,EAST,7+ 265.3,LEFT LANE,37,,,,ΓΕ2,40.645871,22.968527,412638.0348,4499671.821
130,GANTRY,E-VSLS-7.01.2,VSLS,EAST,7+ 265.3,MIDDLE LANE,,,,,ΓΕ2,40.645861,22.968488,412634.6943,4499670.778
131,GANTRY,E-VSLS-7.01.3,VSLS,EAST,7+ 265.3,RIGHT LANE,,,,,ΓΕ2,40.645852,22.968449,412631.3538,4499669.734
132,GANTRY,E-VSLS-8.01.1,VSLS,EAST,8+ 000,LEFT LANE,38,,,,ΓΕ2,40.639388,22.970135,412765.5336,4498950.536
133,GANTRY,E-VSLS-8.01.2,VSLS,EAST,8+ 000,MIDDLE LANE,,,,,ΓΕ2,40.639379,22.970095,412762.1493,4498949.643
134,GANTRY,E-VSLS-8.01.3,VSLS,EAST,8+ 000,RIGHT LANE,,,,,ΓΕ2,40.639371,22.970055,412758.7651,4498948.75
135,GANTRY,E-VSLS-9.02.1,VSLS,EAST,9+ 366.5,LEFT LANE,39,,,,ΓΕ2,40.628314,22.976999,413331.6702,4497714.467
136,GANTRY,E-VSLS-9.02.2,VSLS,EAST,9+ 366.5,MIDDLE LANE,,,,,ΓΕ2,40.628294,22.976966,413328.8559,4497712.386
137,GANTRY,E-VSLS-9.02.3,VSLS,EAST,9+ 366.5,RIGHT LANE,,,,,ΓΕ2,40.628275,22.976933,413326.0416,4497710.305
138,GANTRY,E-VSLS-9.03.1,VSLS,EAST,9+605,LEFT LANE,40,,,,ΓΕ2,40.626601,22.978706,413473.8403,4497522.713
139,GANTRY,E-VSLS-9.03.2,VSLS,EAST,9+605,MIDDLE LANE,,,,,ΓΕ2,40.626583,22.978675,413471.1862,4497520.731
140,GANTRY,E-VSLS-9.03.3,VSLS,EAST,9+605,RIGHT LANE,,,,,ΓΕ2,40.626566,22.978646,413468.7062,4497518.849
141,GANTRY,E-VSLS-9.04.1,VSLS,EAST,9+ 837,LEFT LANE,41,,,,ΓΕ2,40.624917,22.980333,413609.3098,4497334.152
142,GANTRY,E-VSLS-9.04.2,VSLS,EAST,9+ 837,MIDDLE LANE,,,,,ΓΕ2,40.624899,22.980299,413606.4038,4497332.202
143,GANTRY,E-VSLS-9.04.3,VSLS,EAST,9+ 837,RIGHT LANE,,,,,ΓΕ2,40.624881,22.980265,413603.4978,4497330.251
144,GANTRY,E-VSLS-10.01.1,VSLS,EAST,10+ 005,LEFT LANE,42,,,,ΓΕ2,40.623611,22.981319,413691.0192,4497188.231
145,GANTRY,E-VSLS-10.01.2,VSLS,EAST,10+ 005,MIDDLE LANE,,,,,ΓΕ2,40.623597,22.981282,413687.8757,4497186.692
146,GANTRY,E-VSLS-10.01.3,VSLS,EAST,10+ 005,RIGHT LANE,,,,,ΓΕ2,40.623583,22.981245,413684.7322,4497185.153
147,GANTRY,E-VSLS-10.01.4,VSLS,EAST,10+ 005,ENTRY LANE,,,,,ΓΕ2,40.623569,22.981208,413681.5887,4497183.614
148,GANTRY,E-VSLS-10.03.1,VSLS,EAST,10+ 500,LEFT LANE,43,,,,ΓΕ2,40.619358,22.982964,413824.6719,4496714.516
149,GANTRY,E-VSLS-10.03.2,VSLS,EAST,10+ 500,MIDDLE LANE,,,,,ΓΕ2,40.619352,22.982923,413821.2401,4496713.828
150,GANTRY,E-VSLS-10.03.3,VSLS,EAST,10+ 500,RIGHT LANE,,,,,ΓΕ2,40.619345,22.982883,413817.8084,4496713.14
151,CANTILEVER,E-VSLS-11.01.1,VSLS,EAST,11+ 550,LEFT LANE,44,,,,ΓΕ3,40.613797,22.991611,414549.0576,4496088.802
152,CANTILEVER,E-VSLS-11.01.2,VSLS,EAST,11+ 550,MIDDLE LANE,,,,,ΓΕ3,40.613766,22.991609,414548.8125,4496085.31
153,CANTILEVER,E-VSLS-11.01.3,VSLS,EAST,11+ 550,RIGHT LANE,,,,,ΓΕ3,40.613734,22.991607,414548.5674,4496081.819
154,BRIDGE,T21-E-VSLS-12.01.1,VSLS,EAST,12+ 029,LEFT LANE,45,,T21,T,ΓΕ3,40.613123,22.997174,415018.7823,4496008.551
155,BRIDGE,T21-E-VSLS-12.01.2,VSLS,EAST,12+ 029,MIDDLE LANE,,,,T,ΓΕ3,40.613095,22.997155,415017.0937,4496005.485
156,BRIDGE,T21-E-VSLS-12.01.3,VSLS,EAST,12+ 029,RIGHT LANE,,,,T,ΓΕ3,40.613067,22.997135,415015.4051,4496002.419
157,BRIDGE,T21-EF-VSLS-12.01.1,VSLS,EAST,12+ 029/7+949,LEFT LANE,,FLY-L0,,T,ΓΕ3,40.61321,22.997237,415024.1562,4496018.177
158,BRIDGE,T21-EF-VSLS-12.01.2,VSLS,EAST,12+ 029/7+949,RIGHT LANE,,FLY-L0,,T,ΓΕ3,40.613182,22.997216,415022.3983,4496015.152
159,BRIDGE,T21-E-VSLS-12.03.1,VSLS,EAST,12+ 168,LEFT LANE,46,,,T,ΓΕ3,40.612384,22.998481,415128.4285,4495925.247
160,BRIDGE,T21-E-VSLS-12.03.2,VSLS,EAST,12+ 168,MIDDLE LANE,,,,T,ΓΕ3,40.612362,22.998452,415125.879,4495922.849
161,BRIDGE,T21-E-VSLS-12.03.3,VSLS,EAST,12+ 168,RIGHT LANE,,,,T,ΓΕ3,40.61234,22.998422,415123.3296,4495920.451
162,BRIDGE,T21-EF-VSLS-12.03.1,VSLS,EAST,12+ 168/8+092,LEFT LANE,,FLY-L0,,T,ΓΕ3,40.612452,22.998577,415136.583,4495932.786
163,BRIDGE,T21-EF-VSLS-12.03.2,VSLS,EAST,12+ 168/8+092,RIGHT LANE,,FLY-L0,,T,ΓΕ3,40.612431,22.998546,415133.9764,4495930.451
164,GANTRY,E-VSLS-12.02.1,VSLS,EAST,12+ 544,LEFT LANE,47,,,,ΓΕ3,40.609238,22.999817,415237.4263,4495574.84
165,GANTRY,E-VSLS-12.02.2,VSLS,EAST,12+ 544,MIDDLE LANE,,,,,ΓΕ3,40.609243,22.999776,415233.9686,4495575.383
166,GANTRY,E-VSLS-12.02.3,VSLS,EAST,12+ 544,RIGHT LANE,,,,,ΓΕ3,40.609247,22.999735,415230.5108,4495575.925
167,GANTRY,EF-VSLS-12.02.1,VSLS,EAST,12+ 544/8+528,LEFT LANE,,FLY-L0,,,ΓΕ3,40.609225,22.999935,415247.3732,4495573.284
168,GANTRY,EF-VSLS-12.02.2,VSLS,EAST,12+ 544/8+528,RIGHT LANE,,FLY-L0,,,ΓΕ3,40.60923,22.999894,415243.9169,4495573.83
169,BRIDGE,E-VSLS-13.01.1,VSLS,EAST,13+ 686.6,LEFT LANE,48,ON BRIDGE,,,ΓΕ4,40.599195,22.997202,415003.4906,4494462.481
170,BRIDGE,E-VSLS-13.01.2,VSLS,EAST,13+ 686.6,MIDDLE-LEFT LANE,,,,,ΓΕ4,40.599204,22.997163,415000.2526,4494463.518
171,BRIDGE,E-VSLS-13.01.3,VSLS,EAST,13+ 686.6,MIDDLE LANE,,,,,ΓΕ4,40.599213,22.997125,414997.0146,4494464.555
172,BRIDGE,E-VSLS-13.01.4,VSLS,EAST,13+ 686.6,MIDDLE-RIGHT LANE,,,,,ΓΕ4,40.599222,22.997087,414993.7765,4494465.592
173,BRIDGE,E-VSLS-13.01.5,VSLS,EAST,13+ 686.6,RIGHT LANE,,,,,ΓΕ4,40.599231,22.997048,414990.5385,4494466.628
174,GANTRY,E-VSLS-14.01.1,VSLS,EAST,14+ 554.5,LEFT LANE,49,,,,ΓΕ4,40.592506,22.992109,414564.1001,4493724.858
175,GANTRY,E-VSLS-14.01.2,VSLS,EAST,14+ 554.5,MIDDLE LANE,,,,,ΓΕ4,40.592528,22.99208,414561.6218,4493727.324
176,GANTRY,E-VSLS-14.01.3,VSLS,EAST,14+ 554.5,RIGHT LANE,,,,,ΓΕ4,40.59255,22.99205,414559.1435,4493729.789
177,GANTRY,E-VSLS-15.01.1,VSLS,EAST,15+ 100,LEFT LANE,50,,,,ΓΕ4,40.589123,22.987458,414166.2266,4493353.89
178,GANTRY,E-VSLS-15.01.2,VSLS,EAST,15+ 100,MIDDLE LANE,,,,,ΓΕ4,40.589146,22.98743,414163.8741,4493356.482
179,GANTRY,E-VSLS-15.01.3,VSLS,EAST,15+ 100,RIGHT LANE,,,,,ΓΕ4,40.589169,22.987402,414161.5216,4493359.073
180,GANTRY,EF-VSLS-0.01.1,VSLS,EAST,0+799,LEFT LANE,51,Fly,,,ΓΕ1,40.665752,22.963674,412253.6447,4501883.588
181,GANTRY,EF-VSLS-0.01.2,VSLS,EAST,0+799,RIGHT LANE,,Fly,,,ΓΕ1,40.665734,22.96364,412250.7541,4501881.616
182,GANTRY,EF-VSLS-1.01.1,VSLS,EAST,1+072,LEFT LANE,52,Fly,,,ΓΕ1,40.664009,22.965947,412443.5084,4501687.812
183,GANTRY,EF-VSLS-1.01.2,VSLS,EAST,1+072,RIGHT LANE,,Fly,,,ΓΕ1,40.663986,22.965919,412441.1107,4501685.264
184,GANTRY,WF-VSLS-1.01.1,VSLS,WEST,1+333,LEFT LANE,53,Fly,,,ΓΕ1,40.662227,22.967763,412594.6913,4501488.193
185,GANTRY,WF-VSLS-1.01.2,VSLS,WEST,1+333,RIGHT LANE,,Fly,,,ΓΕ1,40.662239,22.967801,412597.957,4501489.45
186,GANTRY,WF-VSLS-1.02.1,VSLS,WEST,1+563,LEFT LANE,54,Fly,,,ΓΕ1,40.660115,22.968327,412639.621,4501253.211
187,GANTRY,WF-VSLS-1.02.2,VSLS,WEST,1+563,RIGHT LANE,,Fly,,,ΓΕ1,40.660116,22.968368,412643.12,4501253.237
188,GANTRY,EF-VSLS-2.01.1,VSLS,EAST,2+105.5,LEFT LANE,55,Fly,,,ΓΕ2,40.655383,22.966837,412507.535,4500729.338
189,GANTRY,EF-VSLS-2.01.2,VSLS,EAST,2+105.5,RIGHT LANE,,Fly,,,ΓΕ2,40.655389,22.966797,412504.1278,4500730.134
190,GANTRY,EF-VSLS-2.02.1,VSLS,EAST,2+355.5,LEFT LANE,56,Fly,,,ΓΕ2,40.653143,22.9665,412476.0963,4500481.089
191,GANTRY,EF-VSLS-2.02.2,VSLS,EAST,2+355.5,RIGHT LANE,,Fly,,,ΓΕ2,40.653143,22.966458,412472.5977,4500481.153
192,GANTRY,WF-VSLS-2.01.1,VSLS,WEST,2+605.5,LEFT LANE,57,Fly,,,ΓΕ2,40.650911,22.966851,412502.8599,4500232.918
193,GANTRY,WF-VSLS-2.01.2,VSLS,WEST,2+605.5,RIGHT LANE,,Fly,,,ΓΕ2,40.650917,22.966891,412506.2928,4500233.595
194,GANTRY,WF-VSLS-2.02.1,VSLS,WEST,2+855.5,LEFT LANE,58,Fly,,,ΓΕ2,40.648742,22.967652,412567.7849,4499991.333
195,GANTRY,WF-VSLS-2.02.2,VSLS,WEST,2+855.5,RIGHT LANE,,Fly,,,ΓΕ2,40.648751,22.967692,412571.1178,4499992.399
196,GANTRY,EF-VSLS-3.01.1,VSLS,EAST,3+314,LEFT LANE,59,Fly,,,ΓΕ2,40.644793,22.969241,412696.9568,4499551.432
197,GANTRY,EF-VSLS-3.01.2,VSLS,EAST,3+314,RIGHT LANE,,Fly,,,ΓΕ2,40.644785,22.969201,412693.5559,4499550.609
198,GANTRY,EF-VSLS-3.02.1,VSLS,EAST,3+611.5,LEFT LANE,60,Fly,,,ΓΕ2,40.642177,22.969875,412747.1565,4499260.389
199,GANTRY,EF-VSLS-3.02.2,VSLS,EAST,3+611.5,RIGHT LANE,,Fly,,,ΓΕ2,40.642174,22.969833,412743.6683,4499260.113
200,GANTRY,WF-VSLS-3.01.1,VSLS,WEST,3+951.5,LEFT LANE,61,Fly,,,ΓΕ2,40.639163,22.970586,412803.3964,4498925.12
201,GANTRY,WF-VSLS-3.01.2,VSLS,WEST,3+951.5,RIGHT LANE,,Fly,,,ΓΕ2,40.639172,22.970625,412806.7369,4498926.161
202,GANTRY,WF-VSLS-4.01.1,VSLS,WEST,4+201.5,LEFT LANE,62,Fly,,,ΓΕ2,40.637063,22.971646,412890.2707,4498690.989
203,GANTRY,WF-VSLS-4.01.2,VSLS,WEST,4+201.5,RIGHT LANE,,Fly,,,ΓΕ2,40.637075,22.971684,412893.5103,4498692.311
204,GANTRY,EF-VSLS-4.01.1,VSLS,EAST,4+701.5,LEFT LANE,63,Fly,,,ΓΕ2,40.632844,22.973686,413057.3538,4498220.607
205,GANTRY,EF-VSLS-4.01.2,VSLS,EAST,4+701.5,RIGHT LANE,,Fly,,,ΓΕ2,40.632832,22.973647,413054.0728,4498219.39
206,GANTRY,EF-VSLS-4.02.1,VSLS,EAST,4+957.5,LEFT LANE,64,Fly,,,ΓΕ2,40.630777,22.975027,413168.0807,4497989.862
207,GANTRY,EF-VSLS-4.02.2,VSLS,EAST,4+957.5,RIGHT LANE,,Fly,,,ΓΕ2,40.63076,22.974992,413165.0907,4497988.044
208,GANTRY,WF-VSLS-5.01.1,VSLS,WEST,5+213.5,LEFT LANE,65,Fly,,,ΓΕ2,40.628969,22.976926,413326.3227,4497787.31
209,GANTRY,WF-VSLS-5.01.2,VSLS,WEST,5+213.5,RIGHT LANE,,Fly,,,ΓΕ2,40.628989,22.976958,413329.0516,4497789.5
210,GANTRY,WF-VSLS-5.02.1,VSLS,WEST,5+454.5,LEFT LANE,66,Fly,,,ΓΕ2,40.627317,22.97877,413480.2147,4497602.098
211,GANTRY,WF-VSLS-5.02.2,VSLS,WEST,5+454.5,RIGHT LANE,,Fly,,,ΓΕ2,40.627337,22.978803,413482.9539,4497604.275
212,GANTRY,EF-VSLS-6.01.1,VSLS,EAST,6+038,LEFT LANE,67,Fly,,,ΓΕ2,40.622955,22.982534,413792.9403,4497114.234
213,GANTRY,EF-VSLS-6.01.2,VSLS,EAST,6+038,RIGHT LANE,,Fly,,,ΓΕ2,40.622945,22.982495,413789.6349,4497113.086
214,GANTRY,EF-VSLS-6.02.1,VSLS,EAST,6+250,LEFT LANE,68,Fly,,,ΓΕ2,40.621112,22.983118,413839.9579,4496909.063
215,GANTRY,EF-VSLS-6.02.2,VSLS,EAST,6+250,RIGHT LANE,,Fly,,,ΓΕ2,40.621108,22.983077,413836.4775,4496908.703
216,GANTRY,WF-VSLS-6.01.1,VSLS,WEST,6+467.5,LEFT LANE,69,Fly,,,ΓΕ2,40.61902,22.983482,413868.0216,4496676.527
217,GANTRY,WF-VSLS-6.01.2,VSLS,WEST,6+467.5,RIGHT LANE,,Fly,,,ΓΕ2,40.619025,22.983522,413871.4841,4496677.032
218,GANTRY,WF-VSLS-6.02.1,VSLS,WEST,6+682,LEFT LANE,70,Fly,,,ΓΕ3,40.617327,22.984154,413922.6961,4496487.891
219,GANTRY,WF-VSLS-6.02.2,VSLS,WEST,6+682,RIGHT LANE,,Fly,,,ΓΕ3,40.61734,22.984191,413925.8768,4496489.349
220,GANTRY,EF-VSLS-7.01.1,VSLS,EAST,7+436,LEFT LANE,71,Fly,,,ΓΕ3,40.613905,22.991302,414523.0036,4496101.052
221,GANTRY,EF-VSLS-7.01.2,VSLS,EAST,7+436,RIGHT LANE,,Fly,,,ΓΕ3,40.613873,22.9913,414522.8057,4496097.558
222,GANTRY,WF-VSLS-7.01.1,VSLS,WEST,7+436,LEFT LANE,,Fly,,,ΓΕ3,40.613967,22.991313,414524.0621,4496107.971
223,GANTRY,WF-VSLS-7.01.2,VSLS,WEST,7+436,RIGHT LANE,,Fly,,,ΓΕ3,40.613999,22.991315,414524.2629,4496111.464
224,GANTRY,EF-VSLS-7.02.1,VSLS,EAST,7+778,LEFT LANE,72,Fly,,,ΓΕ3,40.613691,22.995332,414863.6448,4496073.392
225,GANTRY,EF-VSLS-7.02.2,VSLS,EAST,7+778,RIGHT LANE,,Fly,,,ΓΕ3,40.61366,22.995326,414863.1312,4496069.931
226,GANTRY,WF-VSLS-7.0.1,VSLS,WEST,7+778,LEFT LANE,,Fly,,,ΓΕ3,40.613741,22.995349,414865.1411,4496078.997
227,GANTRY,WF-VSLS-7.02.2,VSLS,WEST,7+778,RIGHT LANE,,Fly,,,ΓΕ3,40.613773,22.995354,414865.6576,4496082.458
228,GANTRY,ΔE-VSLS-0.01.1,VSLS,EAST,0+154,LEFT LANE,73,ΔΕΣΠΕΡ,,,,40.664321,22.881801,405331.0884,4501809.528
229,GANTRY,ΔE-VSLS-0.01.2,VSLS,EAST,0+154,MIDDLE LANE,,ΔΕΣΠΕΡ,,,,40.664319,22.881842,405334.5756,4501809.23
230,GANTRY,ΔE-VSLS-0.01.3,VSLS,EAST,0+154,RIGHT LANE,,ΔΕΣΠΕΡ,,,,40.664317,22.881883,405338.0628,4501808.931
231,GANTRY,ΔE-VSLS-2.01.1,VSLS,EAST,2+280,LEFT LANE,74,ΔΕΣΠΕΡ,,,,40.677524,22.898279,406742.3297,4503257.497
232,GANTRY,ΔE-VSLS-2.01.2,VSLS,EAST,2+280,MIDDLE LANE,,ΔΕΣΠΕΡ,,,,40.677492,22.898279,406742.2803,4503253.997
233,GANTRY,ΔE-VSLS-2.01.3,VSLS,EAST,2+280,RIGHT LANE,,ΔΕΣΠΕΡ,,,,40.67746,22.898278,406742.2308,4503250.497
234,GANTRY,ΔE-VSLS-2.01.4,VSLS,EAST,2+280,EXIT LANE,,ΔΕΣΠΕΡ,,,,40.677429,22.898278,406742.1814,4503246.998
235,UNDERPASS ENTRANCE,ΔE-VSLS-2.02.1,VSLS,EAST,2+912.5,LEFT LANE,75,ΔΕΣΠΕΡ,,,,40.677859,22.905718,407371.5503,4503286.896
236,UNDERPASS ENTRANCE,ΔE-VSLS-2.02.2,VSLS,EAST,2+912.5,RIGHT LANE,,ΔΕΣΠΕΡ,,,,40.677828,22.905717,407371.4074,4503283.4
237,UNDERPASS ENTRANCE,ΔE-VSLS-4.02.1,VSLS,EAST,4+358.5,LEFT LANE,76,ΔΕΣΠΕΡ,,,,40.677392,22.922817,408815.9283,4503217.142
238,UNDERPASS ENTRANCE,ΔE-VSLS-4.02.2,VSLS,EAST,4+358.5,RIGHT LANE,,ΔΕΣΠΕΡ,,,,40.67736,22.922815,408815.76,4503213.647
239,UNDERPASS ENTRANCE,ΔE-VSLS-6.02.1,VSLS,EAST,6+428.3,LEFT LANE,77,ΔΕΣΠΕΡ,,,,40.680186,22.946333,410807.1049,4503503.287
240,UNDERPASS ENTRANCE,ΔE-VSLS-6.02.2,VSLS,EAST,6+428.3,RIGHT LANE,,ΔΕΣΠΕΡ,,,,40.680155,22.946338,410807.4648,4503499.806
241,GANTRY,ΔW-VSLS-0.01.1,VSLS,WEST,0+154,LEFT LANE,78,ΔΕΣΠΕΡ,,,,40.664334,22.881692,405321.9441,4501811.032
242,GANTRY,ΔW-VSLS-0.01.2,VSLS,WEST,0+154,MIDDLE LANE,,ΔΕΣΠΕΡ,,,,40.664336,22.881651,405318.4569,4501811.33
243,GANTRY,ΔW-VSLS-0.01.3,VSLS,WEST,0+154,RIGHT LANE,,ΔΕΣΠΕΡ,,,,40.664338,22.88161,405314.9696,4501811.629
244,GANTRY,ΔW-VSLS-1.01.1,VSLS,WEST,1+894,LEFT LANE,79,ΔΕΣΠΕΡ,,,,40.676357,22.894006,406379.5711,4503132.566
245,GANTRY,ΔW-VSLS-1.01.2,VSLS,WEST,1+894,MIDDLE LANE,,ΔΕΣΠΕΡ,,,,40.676385,22.893985,406377.9102,4503135.646
246,GANTRY,ΔW-VSLS-1.01.3,VSLS,WEST,1+894,RIGHT LANE,,ΔΕΣΠΕΡ,,,,40.676412,22.893965,406376.2493,4503138.727
247,UNDERPASS ENTRANCE,ΔW-VSLS-4.01.1,VSLS,WEST,4+591.5,LEFT LANE,80,ΔΕΣΠΕΡ,,,,40.677375,22.925575,409049.0304,4503212.412
248,UNDERPASS ENTRANCE,ΔW-VSLS-4.01.2,VSLS,WEST,4+591.5,RIGHT LANE,,ΔΕΣΠΕΡ,,,,40.677406,22.925576,409049.1378,4503215.909
249,UNDERPASS ENTRANCE,ΔW-VSLS-6.01.1,VSLS,WEST,6+497.5,LEFT LANE,81,ΔΕΣΠΕΡ,,,,40.680283,22.947169,410877.891,4503513.193
250,UNDERPASS ENTRANCE,ΔW-VSLS-6.01.2,VSLS,WEST,6+497.5,RIGHT LANE,,ΔΕΣΠΕΡ,,,,40.680315,22.94717,410877.9984,4503516.69
251,UNDERPASS ENTRANCE,ΔW-VSLS-7.02.1,VSLS,WEST,7+500,LEFT LANE,82,ΔΕΣΠΕΡ,,,,40.678553,22.958707,411850.666,4503309.467
252,UNDERPASS ENTRANCE,ΔW-VSLS-7.02.2,VSLS,WEST,7+500,RIGHT LANE,,ΔΕΣΠΕΡ,,,,40.678582,22.958691,411849.3828,4503312.722